centroid_dist	detector	displacement	fusion_pockets_above_in_original	jaccard	orig_score	original_rank	partner	pdb_id	removed_rank	removed_score	state	target
0.0	p2rank	0	0	1.0	37.25	1	BRIL	11TF	1	37.25	EVALUABLE	P51679
0.0	p2rank	2	2	1.0	3.48	3	MBP	1HSJ	1	3.43	EVALUABLE	Q9F0R1
0.0	p2rank	1	1	1.0	8.21	2	MBP	1R6Z	1	8.21	EVALUABLE	Q9VUQ5
0.0	p2rank	0	0	1.0	13.7	1	T4L	29AJ	1	13.7	EVALUABLE	Q5VT66
0.0	p2rank	0	0	1.0	39.71	1	T4L	2RH1	1	39.71	EVALUABLE	P07550
	p2rank						MBP	2VGQ			DETECTOR_ABSTENTION	Q7Z434
	p2rank						MBP	3A3C			DETECTOR_ABSTENTION	P36046
0.0	p2rank	1	1	1.0	15.18	2	MBP	3DM0	1	15.18	EVALUABLE	O24456
0.0	p2rank	3	3	1.0	1.76	4	MBP	3EHS	1	1.76	EVALUABLE	P34998
0.0	p2rank	0	0	1.0	35.69	1	T4L	3EML	1	35.69	EVALUABLE	P29274
0.0	p2rank	1	1	1.0	4.8	2	MBP	3F5F	1	4.8	EVALUABLE	Q76KB1
	p2rank						MBP	3H4Z			DETECTOR_ABSTENTION	P49273
	p2rank						MBP	3MP6			DETECTOR_ABSTENTION	P25554
0.0	p2rank	6	6	1.0	1.29	7	MBP	3N93	1	1.15	EVALUABLE	Q13324
0.0	p2rank	1	1	1.0	3.8	2	MBP	3O3U	1	3.8	EVALUABLE	Q15109
	p2rank						MBP	3OB4			DETECTOR_ABSTENTION	A5Z1Q8
0.0	p2rank	0	0	1.0	28.97	1	T4L	3PBL	1	28.97	EVALUABLE	P35462
	p2rank						MBP	3PY7	1		TARGET_CAVITY_NOT_RECOVERED_IN_ORIGINAL	P06931
0.0	p2rank	0	0	1.0	29.92	1	T4L	3RZE	1	29.92	EVALUABLE	P35367
0.0	p2rank	1	1	1.0	1.31	2	BRIL	3U8P	1	1.31	EVALUABLE	P42212
0.0	p2rank	0	0	1.0	52.98	1	T4L	3UON	1	52.98	EVALUABLE	P08172
0.0	p2rank	0	0	1.0	39.43	1	T4L	3V2Y	1	39.43	EVALUABLE	P21453
0.0	p2rank	0	0	1.0	27.52	1	T4L	3VW7	1	27.52	EVALUABLE	P25116
1.05	p2rank	0	0	0.895	16.59	1	MBP	3WAI	1	7.4	EVALUABLE	O29867
0.0	p2rank	2	2	1.0	3.42	3	MBP	4B3N	1	3.42	EVALUABLE	Q0PF16
2.01	p2rank	2	2	0.833	6.23	3	MBP	4BL9	1	1.9	EVALUABLE	Q9UMX1
0.0	p2rank	0	0	1.0	15.12	1	T4L	4DKL	1	15.12	EVALUABLE	P42866
	p2rank						MBP	4DXB	1		TARGET_CAVITY_NOT_RECOVERED_IN_ORIGINAL	P62593
0.0	p2rank	4	4	1.0	2.42	5	MBP	4EDQ	1	2.42	EVALUABLE	O70468
	p2rank						MBP	4EGC			DETECTOR_ABSTENTION	Q15475
0.0	p2rank	0	0	1.0	13.62	1	T4L	4EJ4	1	13.62	EVALUABLE	P32300
0.0	p2rank	2	2	1.0	1.22	3	T4L	4EPI	1	1.22	EVALUABLE	Q57159
	p2rank						MBP	4EXK			DETECTOR_ABSTENTION	A0A0F6B1U8
0.0	p2rank	2	1	1.0	7.32	3	MBP	4H1G	1	7.32	EVALUABLE	C4YKK8
0.0	p2rank	0	0	1.0	35.25	1	BRIL	4IAR	1	35.25	EVALUABLE	P28222
0.0	p2rank	0	0	1.0	34.17	1	BRIL	4IB4	1	34.17	EVALUABLE	P41595
	p2rank						MBP	4IFP			DETECTOR_ABSTENTION	Q9C000
0.0	p2rank	3	3	1.0	1.58	4	MBP	4IKM	1	1.73	EVALUABLE	Q9Y2G2
	p2rank						MBP	4IRL			DETECTOR_ABSTENTION	B0V1H4
0.0	p2rank	0	0	1.0	18.85	1	T4L	4K5Y	1	18.85	EVALUABLE	P34998
0.0	p2rank	0	0	1.0	9.57	1	BRIL	4L6R	1	9.57	EVALUABLE	P47871
0.0	p2rank	1	1	1.0	5.63	2	MBP	4LOG	1	5.63	EVALUABLE	Q9Y5X4
2.62	p2rank	0	0	0.438	13.66	1	T4L	4N9N	1	2.42	EVALUABLE	Q12151
0.0	p2rank	2	2	1.0	4.6	3	MBP	4NUF	1	4.6	EVALUABLE	Q62227
0.0	p2rank	0	0	1.0	17.61	1	BRIL	4OR2	1	17.61	EVALUABLE	Q13255
	p2rank						MBP	4PQK			DETECTOR_ABSTENTION	B1B3N6
0.0	p2rank	0	0	1.0	36.85	1	BRIL	4PXZ	1	36.85	EVALUABLE	Q9H244
0.0	p2rank	1	1	1.0	14.16	2	MBP	4QSZ	1	14.16	EVALUABLE	P0C872
0.0	p2rank	2	2	1.0	8.54	3	MBP	4QVH	1	8.54	EVALUABLE	O33336
0.0	p2rank	4	4	1.0	1.77	5	T4L	4TN3	1	1.77	EVALUABLE	G9MAP5
0.0	p2rank	0	0	1.0	6.83	1	T4L	4WTV	1	6.83	EVALUABLE	Q8TCG2
0.0	p2rank	0	0	1.0	35.9	1	T4L	4XES	1	35.9	EVALUABLE	P20789
0.9	p2rank	0	0	0.943	25.57	1	BRIL	4ZUD	1	24.69	EVALUABLE	P30556
0.0	p2rank	1	1	1.0	2.37	2	T4L	5B2G	1	2.37	EVALUABLE	O14493
0.0	p2rank	0	0	1.0	42.67	1	T4L	5DSG	1	42.67	EVALUABLE	P08173
0.0	p2rank	1	1	1.0	10.74	2	MBP	5EDU	1	10.74	EVALUABLE	Q9UBN7
0.0	p2rank	0	0	1.0	23.86	1	T4L	5EE7	1	23.86	EVALUABLE	P47871
1.71	p2rank	0	0	0.889	11.77	1	T4L	5EUT	1	11.38	EVALUABLE	Q9BTU6
0.0	p2rank	4	4	1.0	1.68	5	MBP	5FSG	1	1.68	EVALUABLE	P05133
	p2rank						MBP	5H7N			DETECTOR_ABSTENTION	P59046
1.23	p2rank	1	1	0.818	7.19	2	MBP	5I04	1	1.9	EVALUABLE	P17813
	p2rank						MBP	5II5			DETECTOR_ABSTENTION	Q8WR62
0.0	p2rank	0	0	1.0	37.35	1	BRIL	5N2S	1	37.35	EVALUABLE	P30542
0.0	p2rank	0	0	1.0	37.47	1	BRIL	5NM4	1	37.47	EVALUABLE	P29274
	p2rank						MBP	5OSQ			DETECTOR_ABSTENTION	P10761
0.0	p2rank	0	0	1.0	32.05	1	T4L	5T1A	1	32.05	EVALUABLE	P41597
	p2rank						MBP	5TTD			DETECTOR_ABSTENTION	D2KPJ6
0.0	p2rank	0	0	1.0	16.59	1	T4L	5TZR	1	16.59	EVALUABLE	O14842
0.0	p2rank	0	0	1.0	47.19	1	BRIL	5UNF	1	47.12	EVALUABLE	P50052
	p2rank						MBP	5VAW			DETECTOR_ABSTENTION	A0A0D5YCX7
0.0	p2rank	3	2	1.0	2.43	4	T4L	5VEW	1	2.43	EVALUABLE	P43220
	p2rank						MBP	5W0R	1		TARGET_CAVITY_NOT_RECOVERED_IN_ORIGINAL	Q9GZX7
0.0	p2rank	0	0	1.0	37.31	1	BRIL	5WIU	1	37.31	EVALUABLE	P21917
0.0	p2rank	0	0	1.0	20.44	1	T4L	5X93	1	20.44	EVALUABLE	P24530
0.0	p2rank	0	0	1.0	13.67	1	T4L	5XSZ	1	13.67	EVALUABLE	Q08BG4
	p2rank						MBP	5Y2G			DETECTOR_ABSTENTION	P09879
	p2rank						MBP	5YGP			DETECTOR_ABSTENTION	Q93038
0.0	p2rank	0	0	1.0	43.64	1	T4L	5ZHP	1	43.64	EVALUABLE	P08483
0.0	p2rank	0	0	1.0	45.2	1	BRIL	5ZKC	1	45.2	EVALUABLE	P08172
0.0	p2rank	0	0	1.0	36.06	1	BRIL	6BQG	1	36.06	EVALUABLE	P28335
0.0	p2rank	0	0	1.0	25.72	1	BRIL	6C1Q	1	25.71	EVALUABLE	P21730
0.0	p2rank	0	0	1.0	13.32	1	BRIL	6CC4	1	13.32	EVALUABLE	P0AF16
0.0	p2rank	0	0	1.0	34.43	1	T4L	6D27	1	34.43	EVALUABLE	Q9Y5Y4
0.0	p2rank	2	1	1.0	1.03	3	MBP	6D66	1	1.03	EVALUABLE	P28562
0.0	p2rank	5	4	1.0	1.64	6	T4L	6D9M	1	1.64	EVALUABLE	Q39UD1
0.0	p2rank	3	3	1.0	4.53	4	MBP	6DD5	1	4.53	EVALUABLE	F2K1V9
0.0	p2rank	1	1	1.0	24.52	2	MBP	6DM8	1	24.52	EVALUABLE	P97287
0.0	p2rank	0	0	1.0	8.3	1	MBP	6EG3	1	8.3	EVALUABLE	P51531
0.0	p2rank	0	0	1.0	11.32	1	T4L	6FFI	1	11.32	EVALUABLE	P41594
0.0	p2rank	0	0	1.0	36.31	1	BRIL	6G7O	1	36.31	EVALUABLE	Q9NUN7
0.0	p2rank	0	0	1.0	9.03	1	T4L	6IIH	1	9.03	EVALUABLE	Q8IYU8
0.0	p2rank	0	0	1.0	21.49	1	BRIL	6IQL	1	21.49	EVALUABLE	P51436
0.0	p2rank	0	0	1.0	34.25	1	T4L	6J20	1	34.25	EVALUABLE	P25103
2.68	p2rank	1	1	0.667	4.55	2	MBP	6K7E	1	1.73	EVALUABLE	P53220
	p2rank						MBP	6KI0			DETECTOR_ABSTENTION	Q9ULZ3
0.0	p2rank	0	0	1.0	19.05	1	BRIL	6KO5	1	19.05	EVALUABLE	Q92847
0.0	p2rank	0	0	1.0	43.97	1	T4L	6KPC	1	43.97	EVALUABLE	P34972
0.0	p2rank	0	0	1.0	42.29	1	BRIL	6LW5	1	40.79	EVALUABLE	P25090
0.0	p2rank	1	1	1.0	2.38	2	BRIL	6M97	1	2.38	EVALUABLE	C0HAK2
0.0	p2rank	0	0	1.0	21.3	1	T4L	6M9T	1	21.3	EVALUABLE	P43115
0.0	p2rank	1	1	1.0	7.14	2	MBP	6VLS	1	7.14	EVALUABLE	W8GI72
0.0	p2rank	3	3	1.0	6.8	4	MBP	6XDS	1	6.8	EVALUABLE	Q9NZC2
0.0	p2rank	0	0	1.0	45.34	1	MBP	6XRX	1	45.34	EVALUABLE	Q8T5C5
0.0	p2rank	0	0	1.0	7.96	1	T4L	6XYR	1	7.96	EVALUABLE	P0DP23
0.0	p2rank	0	0	1.0	45.45	1	T4L	6ZFZ	1	45.45	EVALUABLE	P11229
0.0	p2rank	1	1	1.0	1.51	2	T4L	6ZX9	1	1.51	EVALUABLE	A4UDG5
0.0	p2rank	3	3	1.0	3.55	4	MBP	7B01	1	3.55	EVALUABLE	Q76LX8
0.0	p2rank	0	0	1.0	39.73	1	MBP	7CY6	1	39.73	EVALUABLE	A0A2K3D5Z7
0.0	p2rank	0	0	1.0	28.72	1	T4L	7F8Y	1	28.72	EVALUABLE	P32238
	p2rank						MBP	7MHW			DETECTOR_ABSTENTION	Q2YLR6
0.0	p2rank	1	1	1.0	2.85	2	MBP	7T31	1	2.85	EVALUABLE	Q185H8
0.0	p2rank	0	0	1.0	56.56	1	BRIL	7WC8	1	56.56	EVALUABLE	P28223
0.0	p2rank	1	1	1.0	15.43	2	MBP	7WR3	1	15.43	EVALUABLE	A0A0H2US87
	p2rank						T4L	7Z36			DETECTOR_ABSTENTION	Q13263
0.0	p2rank	1	1	1.0	2.97	2	MBP	8C5L	1	2.97	EVALUABLE	P10588
	p2rank						MBP	8DEI			DETECTOR_ABSTENTION	Q12495
0.0	p2rank	1	1	1.0	1.11	2	MBP	8DX4	1	1.11	EVALUABLE	A0A0H3N4W9
0.0	p2rank	1	1	1.0	24.65	2	MBP	8H68	1	24.65	EVALUABLE	Q8MNT9
0.0	p2rank	1	1	1.0	2.78	2	MBP	8IIZ	1	2.78	EVALUABLE	O95619
0.0	p2rank	0	0	1.0	35.29	1	BRIL	8JJ8	1	35.29	EVALUABLE	P07550
0.0	p2rank	0	0	1.0	43.02	1	BRIL	8S4D	1	43.02	EVALUABLE	P35414
0.0	p2rank	1	1	1.0	8.63	2	MBP	8SBU	1	8.63	EVALUABLE	Q59028
0.0	p2rank	1	1	1.0	14.9	2	MBP	8SVY	1	14.9	EVALUABLE	Q07820
0.0	p2rank	0	0	1.0	50.08	1	BRIL	8TF5	1	50.08	EVALUABLE	P46095
	p2rank						BRIL	9CUG			DETECTOR_ABSTENTION	Q15306
0.0	p2rank	0	0	1.0	26.32	1	BRIL	9IYA	1	26.32	EVALUABLE	Q9Y2T6
0.0	p2rank	0	0	1.0	24.5	1	BRIL	9QP4	1	24.5	EVALUABLE	P03999
0.0	p2rank	0	0	1.0	54.86	1	BRIL	9W32	1	54.86	EVALUABLE	P35346
0.0	fpocket	0	0	1.0	0.074	1	BRIL	11TF	1	0.074	EVALUABLE	P51679
0.0	fpocket	27	21	1.0	-0.12	28	MBP	1HSJ	1	0.259	EVALUABLE	Q9F0R1
0.0	fpocket	11	11	1.0	0.034	12	MBP	1R6Z	1	0.236	EVALUABLE	Q9VUQ5
0.0	fpocket	0	0	1.0	0.166	1	T4L	29AJ	1	0.278	EVALUABLE	Q5VT66
0.0	fpocket	0	0	1.0	0.003	1	T4L	2RH1	1	0.003	EVALUABLE	P07550
0.0	fpocket	20	18	1.0	-0.063	21	MBP	2VGQ	1	0.369	EVALUABLE	Q7Z434
0.0	fpocket	10	9	1.0	0.058	11	MBP	3A3C	1	0.393	EVALUABLE	P36046
0.0	fpocket	0	0	1.0	0.222	1	MBP	3DM0	1	0.476	EVALUABLE	O24456
0.0	fpocket	16	15	1.0	-0.053	17	MBP	3EHS	1	0.34	EVALUABLE	P34998
0.0	fpocket	0	0	1.0	0.18	1	T4L	3EML	1	0.18	EVALUABLE	P29274
0.0	fpocket	1	1	1.0	0.154	2	MBP	3F5F	1	0.375	EVALUABLE	Q76KB1
0.0	fpocket	24	15	1.0	-0.091	25	MBP	3H4Z	1	0.289	EVALUABLE	P49273
0.0	fpocket	7	6	1.0	0.015	8	MBP	3MP6	1	0.376	EVALUABLE	P25554
0.0	fpocket	6	6	1.0	0.045	7	MBP	3N93	1	0.296	EVALUABLE	Q13324
0.0	fpocket	14	10	1.0	-0.041	15	MBP	3O3U	1	0.189	EVALUABLE	Q15109
0.0	fpocket	9	9	1.0	0.005	10	MBP	3OB4	1	0.414	EVALUABLE	A5Z1Q8
0.0	fpocket	3	1	1.0	0.022	4	T4L	3PBL	1	0.212	EVALUABLE	P35462
3.11	fpocket	15	11	0.667	-0.04	16	MBP	3PY7	1	0.331	EVALUABLE	P06931
0.0	fpocket	0	0	1.0	0.213	1	T4L	3RZE	1	0.197	EVALUABLE	P35367
0.0	fpocket	0	0	1.0	0.133	1	BRIL	3U8P	1	0.32	EVALUABLE	P42212
0.0	fpocket	0	0	1.0	0.221	1	T4L	3UON	1	0.439	EVALUABLE	P08172
0.0	fpocket	0	0	1.0	0.114	1	T4L	3V2Y	1	0.114	EVALUABLE	P21453
0.0	fpocket	0	0	1.0	0.214	1	T4L	3VW7	1	0.214	EVALUABLE	P25116
0.0	fpocket	0	0	1.0	0.117	1	MBP	3WAI	1	0.243	EVALUABLE	O29867
0.0	fpocket	16	11	1.0	-0.011	17	MBP	4B3N	1	0.229	EVALUABLE	Q0PF16
0.0	fpocket	3	2	1.0	0.134	4	MBP	4BL9	1	0.401	EVALUABLE	Q9UMX1
0.0	fpocket	0	0	1.0	0.281	1	T4L	4DKL	1	0.352	EVALUABLE	P42866
0.55	fpocket	3	3	0.909	0.125	4	MBP	4DXB	1	0.21	EVALUABLE	P62593
0.0	fpocket	21	19	1.0	-0.117	22	MBP	4EDQ	1	0.219	EVALUABLE	O70468
0.0	fpocket	27	17	1.0	-0.253	28	MBP	4EGC	1	0.148	EVALUABLE	Q15475
0.0	fpocket	0	0	1.0	0.179	1	T4L	4EJ4	1	0.179	EVALUABLE	P32300
0.0	fpocket	1	1	1.0	0.258	2	T4L	4EPI	1	0.367	EVALUABLE	Q57159
0.0	fpocket	6	6	1.0	-0.036	7	MBP	4EXK	1	0.377	EVALUABLE	A0A0F6B1U8
0.0	fpocket	5	4	1.0	0.039	6	MBP	4H1G	1	0.248	EVALUABLE	C4YKK8
0.0	fpocket	0	0	1.0	0.134	1	BRIL	4IAR	1	0.134	EVALUABLE	P28222
0.0	fpocket	0	0	1.0	0.164	1	BRIL	4IB4	1	0.206	EVALUABLE	P41595
0.0	fpocket	10	9	1.0	-0.063	11	MBP	4IFP	1	0.363	EVALUABLE	Q9C000
0.0	fpocket	22	18	1.0	-0.029	23	MBP	4IKM	1	0.301	EVALUABLE	Q9Y2G2
0.0	fpocket	20	17	1.0	-0.059	21	MBP	4IRL	1	0.298	EVALUABLE	B0V1H4
0.0	fpocket	0	0	1.0	0.102	1	T4L	4K5Y	1	0.102	EVALUABLE	P34998
0.0	fpocket	0	0	1.0	0.185	1	BRIL	4L6R	1	0.185	EVALUABLE	P47871
0.0	fpocket	8	4	1.0	0.042	9	MBP	4LOG	1	0.29	EVALUABLE	Q9Y5X4
0.0	fpocket	0	0	1.0	0.093	1	T4L	4N9N	1	0.144	EVALUABLE	Q12151
0.0	fpocket	8	8	1.0	0.044	9	MBP	4NUF	1	0.366	EVALUABLE	Q62227
0.0	fpocket	0	0	1.0	0.292	1	BRIL	4OR2	1	0.292	EVALUABLE	Q13255
0.0	fpocket	3	1	1.0	0.07	4	MBP	4PQK	1	0.47	EVALUABLE	B1B3N6
0.0	fpocket	0	0	1.0	0.587	1	BRIL	4PXZ	1	0.587	EVALUABLE	Q9H244
0.0	fpocket	0	0	1.0	0.136	1	MBP	4QSZ	1	0.364	EVALUABLE	P0C872
0.0	fpocket	2	2	1.0	0.134	3	MBP	4QVH	1	0.278	EVALUABLE	O33336
0.0	fpocket	0	0	1.0	0.078	1	T4L	4TN3	1	0.338	EVALUABLE	G9MAP5
0.0	fpocket	1	0	1.0	0.179	2	T4L	4WTV	1	0.409	EVALUABLE	Q8TCG2
0.0	fpocket	0	0	1.0	0.2	1	T4L	4XES	1	0.272	EVALUABLE	P20789
0.0	fpocket	0	0	1.0	0.09	1	BRIL	4ZUD	1	0.094	EVALUABLE	P30556
0.0	fpocket	0	0	1.0	0.163	1	T4L	5B2G	1	0.163	EVALUABLE	O14493
0.0	fpocket	0	0	1.0	0.349	1	T4L	5DSG	1	0.349	EVALUABLE	P08173
0.0	fpocket	6	4	1.0	0.008	7	MBP	5EDU	1	0.433	EVALUABLE	Q9UBN7
0.0	fpocket	0	0	1.0	0.218	1	T4L	5EE7	1	0.218	EVALUABLE	P47871
0.0	fpocket	0	0	1.0	0.102	1	T4L	5EUT	1	0.128	EVALUABLE	Q9BTU6
0.0	fpocket	1	1	1.0	0.098	2	MBP	5FSG	1	0.311	EVALUABLE	P05133
0.0	fpocket	9	9	1.0	-0.009	10	MBP	5H7N	1	0.388	EVALUABLE	P59046
0.0	fpocket	0	0	1.0	0.135	1	MBP	5I04	1	0.347	EVALUABLE	P17813
0.0	fpocket	3	3	1.0	0.073	4	MBP	5II5	1	0.266	EVALUABLE	Q8WR62
0.0	fpocket	0	0	1.0	0.256	1	BRIL	5N2S	1	0.256	EVALUABLE	P30542
0.0	fpocket	0	0	1.0	0.475	1	BRIL	5NM4	1	0.475	EVALUABLE	P29274
0.0	fpocket	5	3	1.0	0.02	6	MBP	5OSQ	1	0.245	EVALUABLE	P10761
0.0	fpocket	0	0	1.0	0.166	1	T4L	5T1A	1	0.195	EVALUABLE	P41597
0.0	fpocket	4	2	1.0	0.036	5	MBP	5TTD	1	0.276	EVALUABLE	D2KPJ6
0.0	fpocket	0	0	1.0	0.355	1	T4L	5TZR	1	0.355	EVALUABLE	O14842
0.0	fpocket	0	0	1.0	0.19	1	BRIL	5UNF	1	0.19	EVALUABLE	P50052
0.59	fpocket	5	4	0.875	0.081	6	MBP	5VAW	1	0.377	EVALUABLE	A0A0D5YCX7
0.0	fpocket	0	0	1.0	0.15	1	T4L	5VEW	1	0.326	EVALUABLE	P43220
0.0	fpocket	2	1	1.0	0.126	3	MBP	5W0R	1	0.151	EVALUABLE	Q9GZX7
0.0	fpocket	0	0	1.0	0.127	1	BRIL	5WIU	1	0.128	EVALUABLE	P21917
0.0	fpocket	3	1	1.0	0.05	4	T4L	5X93	1	0.05	EVALUABLE	P24530
0.0	fpocket	0	0	1.0	0.156	1	T4L	5XSZ	1	0.159	EVALUABLE	Q08BG4
0.0	fpocket	0	0	1.0	0.121	1	MBP	5Y2G	1	0.28	EVALUABLE	P09879
0.0	fpocket	1	1	1.0	0.21	2	MBP	5YGP	1	0.251	EVALUABLE	Q93038
0.0	fpocket	1	0	1.0	0.072	2	T4L	5ZHP	1	0.132	EVALUABLE	P08483
0.0	fpocket	0	0	1.0	0.41	1	BRIL	5ZKC	1	0.41	EVALUABLE	P08172
0.0	fpocket	0	0	1.0	0.306	1	BRIL	6BQG	1	0.305	EVALUABLE	P28335
0.0	fpocket	0	0	1.0	0.246	1	BRIL	6C1Q	1	0.246	EVALUABLE	P21730
0.0	fpocket	0	0	1.0	0.151	1	BRIL	6CC4	1	0.273	EVALUABLE	P0AF16
0.22	fpocket	1	1	0.971	0.144	2	T4L	6D27	1	0.22	EVALUABLE	Q9Y5Y4
0.0	fpocket	4	4	1.0	0.09	5	MBP	6D66	1	0.365	EVALUABLE	P28562
0.0	fpocket	0	0	1.0	0.192	1	T4L	6D9M	1	0.419	EVALUABLE	Q39UD1
0.0	fpocket	3	3	1.0	0.035	4	MBP	6DD5	1	0.323	EVALUABLE	F2K1V9
3.32	fpocket	25	18	0.647	-0.132	26	MBP	6DM8	1	0.048	EVALUABLE	P97287
0.0	fpocket	0	0	1.0	0.26	1	MBP	6EG3	1	0.26	EVALUABLE	P51531
0.0	fpocket	0	0	1.0	0.193	1	T4L	6FFI	1	0.414	EVALUABLE	P41594
0.0	fpocket	0	0	1.0	0.141	1	BRIL	6G7O	1	0.141	EVALUABLE	Q9NUN7
0.0	fpocket	0	0	1.0	0.14	1	T4L	6IIH	1	0.193	EVALUABLE	Q8IYU8
0.0	fpocket	0	0	1.0	0.1	1	BRIL	6IQL	1	0.1	EVALUABLE	P51436
0.0	fpocket	0	0	1.0	0.388	1	T4L	6J20	1	0.388	EVALUABLE	P25103
0.0	fpocket	1	1	1.0	0.089	2	MBP	6K7E	1	0.301	EVALUABLE	P53220
0.0	fpocket	5	4	1.0	0.02	6	MBP	6KI0	1	0.424	EVALUABLE	Q9ULZ3
0.0	fpocket	0	0	1.0	0.1	1	BRIL	6KO5	1	0.104	EVALUABLE	Q92847
0.0	fpocket	0	0	1.0	0.333	1	T4L	6KPC	1	0.333	EVALUABLE	P34972
3.95	fpocket	1	0	0.765	0.291	2	BRIL	6LW5	1	0.319	EVALUABLE	P25090
0.0	fpocket	6	2	1.0	0.042	7	BRIL	6M97	1	0.289	EVALUABLE	C0HAK2
4.54	fpocket	0	0	0.6	0.378	1	T4L	6M9T	1	0.422	EVALUABLE	P43115
0.0	fpocket	1	1	1.0	0.261	2	MBP	6VLS	1	0.261	EVALUABLE	W8GI72
2.08	fpocket	25	19	0.75	-0.065	26	MBP	6XDS	1	0.399	EVALUABLE	Q9NZC2
0.0	fpocket	0	0	1.0	0.153	1	MBP	6XRX	1	0.222	EVALUABLE	Q8T5C5
0.0	fpocket	0	0	1.0	0.222	1	T4L	6XYR	1	0.222	EVALUABLE	P0DP23
0.0	fpocket	0	0	1.0	0.208	1	T4L	6ZFZ	1	0.208	EVALUABLE	P11229
0.0	fpocket	1	1	1.0	0.348	2	T4L	6ZX9	1	0.348	EVALUABLE	A4UDG5
0.0	fpocket	3	3	1.0	0.084	4	MBP	7B01	1	0.322	EVALUABLE	Q76LX8
0.0	fpocket	2	1	1.0	0.054	3	MBP	7CY6	1	0.086	EVALUABLE	A0A2K3D5Z7
0.0	fpocket	0	0	1.0	0.216	1	T4L	7F8Y	1	0.216	EVALUABLE	P32238
0.0	fpocket	23	20	1.0	-0.076	24	MBP	7MHW	1	0.379	EVALUABLE	Q2YLR6
0.0	fpocket	4	3	1.0	0.054	5	MBP	7T31	1	0.351	EVALUABLE	Q185H8
0.0	fpocket	0	0	1.0	0.012	1	BRIL	7WC8	1	0.012	EVALUABLE	P28223
0.0	fpocket	0	0	1.0	0.139	1	MBP	7WR3	1	0.268	EVALUABLE	A0A0H2US87
0.0	fpocket	2	2	1.0	0.098	3	T4L	7Z36	1	0.374	EVALUABLE	Q13263
0.0	fpocket	17	12	1.0	-0.019	18	MBP	8C5L	1	0.203	EVALUABLE	P10588
0.0	fpocket	2	2	1.0	0.112	3	MBP	8DEI	1	0.376	EVALUABLE	Q12495
0.0	fpocket	1	1	1.0	0.188	2	MBP	8DX4	1	0.194	EVALUABLE	A0A0H3N4W9
0.0	fpocket	6	6	1.0	0.019	7	MBP	8H68	1	0.35	EVALUABLE	Q8MNT9
0.0	fpocket	1	1	1.0	0.078	2	MBP	8IIZ	1	0.325	EVALUABLE	O95619
0.0	fpocket	1	1	1.0	0.051	2	BRIL	8JJ8	1	0.047	EVALUABLE	P07550
0.0	fpocket	0	0	1.0	0.128	1	BRIL	8S4D	1	0.128	EVALUABLE	P35414
0.0	fpocket	3	3	1.0	0.19	4	MBP	8SBU	1	0.318	EVALUABLE	Q59028
0.0	fpocket	13	9	1.0	-0.037	14	MBP	8SVY	1	0.195	EVALUABLE	Q07820
0.0	fpocket	0	0	1.0	0.141	1	BRIL	8TF5	1	0.141	EVALUABLE	P46095
0.0	fpocket	10	8	1.0	0.02	11	BRIL	9CUG	1	0.2	EVALUABLE	Q15306
0.0	fpocket	0	0	1.0	0.112	1	BRIL	9IYA	1	0.112	EVALUABLE	Q9Y2T6
0.0	fpocket	0	0	1.0	0.39	1	BRIL	9QP4	1	0.37	EVALUABLE	P03999
0.0	fpocket	0	0	1.0	0.055	1	BRIL	9W32	1	0.055	EVALUABLE	P35346
