entity_id	pdb_id	fusion_partner	fusion_accession	target_accession	topology	method	resolution	representative_chain	entity_length	target_modelled	fusion_modelled	target_disorder	fusion_disorder	align_coverage_of_modelled	target_also_in_development_under_other_partner	description
11TH_3	11TH	BRIL	P0ABE7	P51679	INTERNAL_INSERTION	ELECTRON MICROSCOPY	3.5	R	475	285	95	0.1949	0.0952	0.9596	False	C-C chemokine receptor type 4,Soluble cytochrome b562
11TF_1	11TF	BRIL	P0ABE7	P51679	INTERNAL_INSERTION	ELECTRON MICROSCOPY	3.4	R	475	285	95	0.1949	0.0952	0.9596	False	C-C chemokine receptor type 4,Soluble cytochrome b562
4L6R_1	4L6R	BRIL	P0ABE7	P47871	TERMINAL_N	X-RAY DIFFRACTION	3.3	A	425	292	106	0.0641	0.0	1.0	False	Soluble cytochrome b562 and Glucagon receptor chimera
4IB4_1	4IB4	BRIL	P0ABE7	P41595	INTERNAL_INSERTION	X-RAY DIFFRACTION	2.7	A	430	285	90	0.0656	0.1509	1.0	False	Chimera protein of human 5-hydroxytryptamine receptor 2B and E. Coli soluble cytochrome b562
4IAR_1	4IAR	BRIL	P0ABE7	P28222	INTERNAL_INSERTION	X-RAY DIFFRACTION	2.7	A	401	273	106	0.0651	0.0	1.0	False	Chimera protein of human 5-hydroxytryptamine receptor 1B and E. Coli soluble cytochrome b562
4IAQ_1	4IAQ	BRIL	P0ABE7	P28222	INTERNAL_INSERTION	X-RAY DIFFRACTION	2.8	A	403	273	94	0.0714	0.1132	1.0	False	Chimera protein of human 5-hydroxytryptamine receptor 1B and E. Coli soluble cytochrome b562
4EIY_1	4EIY	BRIL	P0ABE7	P29274	INTERNAL_INSERTION	X-RAY DIFFRACTION	1.8	A	447	296	91	0.0295	0.1415	0.9923	False	Adenosine receptor A2a/Soluble cytochrome b562 chimera
3U8P_1	3U8P	BRIL	P0ABE7	P42212	INTERNAL_INSERTION	X-RAY DIFFRACTION	2.75	A	347	226	106	0.0342	0.0	0.9852	False	Cytochrome b562 integral fusion with enhanced green fluorescent protein
4YAY_1	4YAY	BRIL	P0ABE7	P30556	TERMINAL_N	X-RAY DIFFRACTION	2.9	A	414	285	104	0.0656	0.0095	0.9898	False	Soluble cytochrome b562,Type-1 angiotensin II receptor
5IUB_1	5IUB	BRIL	P0ABE7	P29274	INTERNAL_INSERTION	X-RAY DIFFRACTION	2.1	A	433	294	90	0.0329	0.1429	0.9897	False	Adenosine receptor A2a,Soluble cytochrome b562,Adenosine receptor A2a
5IUA_1	5IUA	BRIL	P0ABE7	P29274	INTERNAL_INSERTION	X-RAY DIFFRACTION	2.2	A	433	295	90	0.0296	0.1509	0.9923	False	Adenosine receptor A2a,Soluble cytochrome b562,Adenosine receptor A2a
5IU8_1	5IU8	BRIL	P0ABE7	P29274	INTERNAL_INSERTION	X-RAY DIFFRACTION	2.002	A	433	294	90	0.0329	0.1509	0.9922	False	Adenosine receptor A2a,Soluble cytochrome b562,Adenosine receptor A2a
5IU7_1	5IU7	BRIL	P0ABE7	P29274	INTERNAL_INSERTION	X-RAY DIFFRACTION	1.9	A	433	296	90	0.0263	0.1429	0.9847	False	Adenosine receptor A2a,Soluble cytochrome b562,Adenosine receptor A2a
5IU4_1	5IU4	BRIL	P0ABE7	P29274	INTERNAL_INSERTION	X-RAY DIFFRACTION	1.72	A	433	294	90	0.0423	0.1429	0.9897	False	Adenosine receptor A2a,Soluble cytochrome b562,Adenosine receptor A2a
4ZUD_1	4ZUD	BRIL	P0ABE7	P30556	TERMINAL_N	X-RAY DIFFRACTION	2.8	A	410	268	105	0.1096	0.0094	0.992	False	Chimera protein of Soluble cytochrome b562 and Type-1 angiotensin II receptor
4PY0_1	4PY0	BRIL	P0ABE7	Q9H244	INTERNAL_INSERTION	X-RAY DIFFRACTION	3.1	A	466	283	106	0.1701	0.0	1.0	False	P2Y purinoceptor 12, Soluble cytochrome b562
4PXZ_1	4PXZ	BRIL	P0ABE7	Q9H244	INTERNAL_INSERTION	X-RAY DIFFRACTION	2.5	A	466	286	106	0.1613	0.0	1.0	False	P2Y purinoceptor 12, Soluble cytochrome b562
4OR2_1	4OR2	BRIL	P0ABE7	Q13255	TERMINAL_N	X-RAY DIFFRACTION	2.8	A	389	255	105	0.0893	0.0094	1.0	False	Soluble cytochrome b562, Metabotropic glutamate receptor 1
4NTJ_1	4NTJ	BRIL	P0ABE7	Q9H244	INTERNAL_INSERTION	X-RAY DIFFRACTION	2.62	A	466	273	96	0.1994	0.0943	1.0	False	P2Y purinoceptor 12,Soluble cytochrome b562,P2Y purinoceptor 12
5NLX_1	5NLX	BRIL	P0ABE7	P29274	INTERNAL_INSERTION	X-RAY DIFFRACTION	2.14	A	433	293	86	0.0425	0.181	0.9921	False	Adenosine receptor A2a,Soluble cytochrome b562,Adenosine receptor A2a
5OLG_1	5OLG	BRIL	P0ABE7	P29274	INTERNAL_INSERTION	X-RAY DIFFRACTION	1.87	A	434	294	92	0.0392	0.1238	0.9897	False	Adenosine receptor A2a,Soluble cytochrome b562,Adenosine receptor A2a
5OLZ_1	5OLZ	BRIL	P0ABE7	P29274	INTERNAL_INSERTION	X-RAY DIFFRACTION	1.9	A	434	294	90	0.0392	0.1509	0.9922	False	Adenosine receptor A2a,Soluble cytochrome b562,Adenosine receptor A2a
5OLV_1	5OLV	BRIL	P0ABE7	P29274	INTERNAL_INSERTION	X-RAY DIFFRACTION	1.998	A	434	294	91	0.0392	0.1415	0.9923	False	Adenosine receptor A2a,Soluble cytochrome b562,Adenosine receptor A2a
5OLO_1	5OLO	BRIL	P0ABE7	P29274	INTERNAL_INSERTION	X-RAY DIFFRACTION	3.1	A	434	294	87	0.0423	0.1714	0.9896	False	Adenosine receptor A2a,Soluble cytochrome b562,Adenosine receptor A2a
5OLH_1	5OLH	BRIL	P0ABE7	P29274	INTERNAL_INSERTION	X-RAY DIFFRACTION	2.6	A	434	294	93	0.0392	0.1226	0.9923	False	Adenosine receptor A2a,Soluble cytochrome b562,Adenosine receptor A2a
5NM4_1	5NM4	BRIL	P0ABE7	P29274	INTERNAL_INSERTION	X-RAY DIFFRACTION	1.7	A	433	293	86	0.0425	0.181	0.9921	False	Adenosine receptor A2a,Soluble cytochrome b562,Adenosine receptor A2a
5NM2_1	5NM2	BRIL	P0ABE7	P29274	INTERNAL_INSERTION	X-RAY DIFFRACTION	1.948	A	433	294	90	0.0392	0.1429	0.9897	False	Adenosine receptor A2a,Soluble cytochrome b562,Adenosine receptor A2a
5N2S_1	5N2S	BRIL	P0ABE7	P30542	TERMINAL_N	X-RAY DIFFRACTION	3.303	A	436	280	103	0.1054	0.0283	1.0	False	Soluble cytochrome b562,Adenosine receptor A1
5N2R_1	5N2R	BRIL	P0ABE7	P29274	INTERNAL_INSERTION	X-RAY DIFFRACTION	2.8	A	433	294	90	0.0423	0.1429	0.9897	False	Adenosine receptor A2a,Soluble cytochrome b562,ADENOSINE RECEPTOR A2A SOLUBLE CYTOCHROME B562 ADENOSINE RECEPTOR A2A,Adenosine receptor A2a
5MZP_1	5MZP	BRIL	P0ABE7	P29274	INTERNAL_INSERTION	X-RAY DIFFRACTION	2.1	A	433	294	93	0.0392	0.1226	0.9949	False	Adenosine receptor A2a,Soluble cytochrome b562,Adenosine receptor A2a
5MZJ_1	5MZJ	BRIL	P0ABE7	P29274	INTERNAL_INSERTION	X-RAY DIFFRACTION	2.0	A	434	294	90	0.0423	0.1509	0.9948	False	Adenosine receptor A2a,Soluble cytochrome b562,Adenosine receptor A2a
5K2D_1	5K2D	BRIL	P0ABE7	P29274	INTERNAL_INSERTION	X-RAY DIFFRACTION	1.9	A	447	297	94	0.0262	0.1132	0.9899	False	Adenosine receptor A2a/Soluble cytochrome b562 chimera
5K2C_1	5K2C	BRIL	P0ABE7	P29274	INTERNAL_INSERTION	X-RAY DIFFRACTION	1.9	A	447	297	95	0.0262	0.1038	0.9899	False	Adenosine receptor A2a/Soluble cytochrome b562 chimera
5K2B_1	5K2B	BRIL	P0ABE7	P29274	INTERNAL_INSERTION	X-RAY DIFFRACTION	2.5	A	447	297	93	0.0262	0.1226	0.9898	False	Adenosine receptor A2a/Soluble cytochrome b562 chimera
5K2A_1	5K2A	BRIL	P0ABE7	P29274	INTERNAL_INSERTION	X-RAY DIFFRACTION	2.5	A	447	297	97	0.0262	0.0849	0.9899	False	Adenosine receptor A2a/Soluble cytochrome b562 chimera
5JTB_1	5JTB	BRIL	P0ABE7	P29274	INTERNAL_INSERTION	X-RAY DIFFRACTION	2.8	A	447	296	89	0.0295	0.1604	0.9923	False	Adenosine receptor A2a,Soluble cytochrome b562,Adenosine receptor A2a
5ZKB_1	5ZKB	BRIL	P0ABE7	P08172	INTERNAL_INSERTION	X-RAY DIFFRACTION	2.95	A	421	281	99	0.057	0.0571	0.9974	False	Muscarinic acetylcholine receptor M2,Apo-cytochrome b562,Muscarinic acetylcholine receptor M2
5ZK8_1	5ZK8	BRIL	P0ABE7	P08172	INTERNAL_INSERTION	X-RAY DIFFRACTION	3.0	A	421	273	95	0.0839	0.0952	0.9973	False	Muscarinic acetylcholine receptor M2,Redesigned apo-cytochrome b562,Muscarinic acetylcholine receptor M2
5ZK3_1	5ZK3	BRIL	P0ABE7	P08172	INTERNAL_INSERTION	X-RAY DIFFRACTION	2.6	A	421	274	105	0.0805	0.0	0.9974	False	Muscarinic acetylcholine receptor M2,Apo-cytochrome b562,Muscarinic acetylcholine receptor M2
5YC8_1	5YC8	BRIL	P0ABE7	P08172	INTERNAL_INSERTION	X-RAY DIFFRACTION	2.5	A	421	278	105	0.0671	0.0	0.9974	False	Muscarinic acetylcholine receptor M2,Redesigned apo-cytochrome b562,Muscarinic acetylcholine receptor M2
5XJM_1	5XJM	BRIL	P0ABE7	P50052	INTERNAL_INSERTION	X-RAY DIFFRACTION	3.2	A	422	283	92	0.0841	0.1321	1.0	False	Type-2 angiotensin II receptor,Soluble cytochrome b562,Type-2 angiotensin II receptor
5WIV_1	5WIV	BRIL	P0ABE7	P21917	INTERNAL_INSERTION	X-RAY DIFFRACTION	2.143	A	422	274	105	0.1246	0.0	1.0	False	D(4) dopamine receptor, soluble cytochrome b562 chimera
5WIU_1	5WIU	BRIL	P0ABE7	P21917	INTERNAL_INSERTION	X-RAY DIFFRACTION	1.962	A	422	270	103	0.1374	0.019	1.0	False	D(4) dopamine receptor, soluble cytochrome b562 chimera
5VRA_1	5VRA	BRIL	P0ABE7	P29274	INTERNAL_INSERTION	X-RAY DIFFRACTION	2.35	A	447	296	91	0.0295	0.1415	0.9923	False	Adenosine receptor A2a,Soluble cytochrome b562 chimera
5UVI_1	5UVI	BRIL	P0ABE7	P29274	INTERNAL_INSERTION	X-RAY DIFFRACTION	3.2	A	447	297	90	0.0262	0.1509	0.9898	False	Adenosine receptor A2a,Soluble cytochrome b562,Adenosine receptor A2a
5UNH_1	5UNH	BRIL	P0ABE7	P50052	TERMINAL_N	X-RAY DIFFRACTION	2.9	A	411	279	106	0.0731	0.0	1.0	False	Soluble cytochrome b562,Type-2 angiotensin II receptor
5UNG_1	5UNG	BRIL	P0ABE7	P50052	TERMINAL_N	X-RAY DIFFRACTION	2.8	B	411	300	106	0.0033	0.0	0.9902	False	Chimera protein of Type-2 angiotensin II receptor and Soluble cytochrome b562
5UNF_1	5UNF	BRIL	P0ABE7	P50052	TERMINAL_N	X-RAY DIFFRACTION	2.8	A	411	286	100	0.0498	0.0566	1.0	False	Chimera protein of Type-2 angiotensin II receptor and Soluble cytochrome b562
5UIG_1	5UIG	BRIL	P0ABE7	P29274	INTERNAL_INSERTION	X-RAY DIFFRACTION	3.5	A	444	288	99	0.0588	0.066	1.0	False	Adenosine receptor A2a,Soluble cytochrome b562,Adenosine receptor A2a
5TVN_1	5TVN	BRIL	P0ABE7	P41595	INTERNAL_INSERTION	X-RAY DIFFRACTION	2.9	A	402	294	99	0.0101	0.0571	1.0	False	Chimera protein of human 5-hydroxytryptamine receptor 2B and E. Coli soluble cytochrome b562
5TUD_1	5TUD	BRIL	P0ABE7	P41595	INTERNAL_INSERTION	X-RAY DIFFRACTION	3.0	A	457	279	94	0.0852	0.1132	1.0	False	5-hydroxytryptamine receptor 2B,Soluble cytochrome b562 chimera
5OM4_1	5OM4	BRIL	P0ABE7	P29274	INTERNAL_INSERTION	X-RAY DIFFRACTION	2.0	A	434	296	90	0.0327	0.1509	0.9923	False	Adenosine receptor A2a,Soluble cytochrome b562,Adenosine receptor A2a
5OM1_1	5OM1	BRIL	P0ABE7	P29274	INTERNAL_INSERTION	X-RAY DIFFRACTION	2.1	A	434	294	90	0.0392	0.1509	0.9897	False	Adenosine receptor A2a,Soluble cytochrome b562,Adenosine receptor A2a
6A93_1	6A93	BRIL	P0ABE7	P28223	INTERNAL_INSERTION	X-RAY DIFFRACTION	3.0	A	376	283	81	0.0139	0.0	0.9838	False	5-hydroxytryptamine receptor 2A,Soluble cytochrome b562
6A94_1	6A94	BRIL	P0ABE7	P28223	INTERNAL_INSERTION	X-RAY DIFFRACTION	2.9	A	376	283	81	0.0139	0.0	0.9838	False	5-hydroxytryptamine receptor 2A,Soluble cytochrome b562
6DS0_1	6DS0	BRIL	P0ABE7	P41595	INTERNAL_INSERTION	X-RAY DIFFRACTION	3.188	A	410	283	85	0.0691	0.1981	1.0	False	5HT2B receptor, BRIL chimera
6DRZ_1	6DRZ	BRIL	P0ABE7	P41595	INTERNAL_INSERTION	X-RAY DIFFRACTION	3.102	A	411	295	88	0.0328	0.1287	0.9871	False	5HT2B receptor, BRIL chimera
6DRY_1	6DRY	BRIL	P0ABE7	P41595	INTERNAL_INSERTION	X-RAY DIFFRACTION	2.918	A	411	290	95	0.0492	0.0594	0.9872	False	5HT2B receptor, BRIL chimera
6CC4_1	6CC4	BRIL	P0ABE7	P0AF16	TERMINAL_N	X-RAY DIFFRACTION	3.5	A	614	504	104	0.0079	0.0095	1.0	False	soluble cytochrome b562, lipid II flippase MurJ chimera
6C1Q_1	6C1Q	BRIL	P0ABE7	P21730	TERMINAL_N	X-RAY DIFFRACTION	2.9	B	422	284	90	0.0596	0.1509	1.0	False	Soluble cytochrome b562, C5a anaphylatoxin chemotactic receptor 1 chimera
6BQG_1	6BQG	BRIL	P0ABE7	P28335	INTERNAL_INSERTION	X-RAY DIFFRACTION	3.0	A	452	286	92	0.0435	0.1321	1.0	False	5-hydroxytryptamine receptor 2C,Soluble cytochrome b562
6AQF_1	6AQF	BRIL	P0ABE7	P29274	INTERNAL_INSERTION	X-RAY DIFFRACTION	2.51	A	432	295	91	0.0328	0.1415	0.9897	False	Adenosine receptor A2a,Soluble cytochrome b562,Adenosine receptor A2a
5ZKC_1	5ZKC	BRIL	P0ABE7	P08172	INTERNAL_INSERTION	X-RAY DIFFRACTION	2.3	A	421	278	105	0.0671	0.0	0.9974	False	Muscarinic acetylcholine receptor M2,Apo-cytochrome b562,Muscarinic acetylcholine receptor M2
6M98_1	6M98	BRIL	P0ABE7	C0HAK2	INTERNAL_INSERTION	X-RAY DIFFRACTION	3.21	A	234	111	93	0.075	0.1143	1.0	False	Chimera protein of High affinity copper uptake protein 1 and Soluble cytochrome b562
6M97_1	6M97	BRIL	P0ABE7	C0HAK2	INTERNAL_INSERTION	X-RAY DIFFRACTION	3.03	A	234	115	93	0.0336	0.1226	1.0	False	Chimera protein of High affinity copper uptake protein 1 and Soluble cytochrome b562
6LW5_1	6LW5	BRIL	P0ABE7	P25090	TERMINAL_N	X-RAY DIFFRACTION	2.8	A	427	320	106	0.0	0.0	0.9977	False	Soluble cytochrome b562,N-formyl peptide receptor 2
6LPL_1	6LPL	BRIL	P0ABE7	P29274	INTERNAL_INSERTION	X-RAY DIFFRACTION	2.0	A	447	296	91	0.0295	0.1415	0.9923	False	Adenosine receptor A2a,Soluble cytochrome b562,Adenosine receptor A2a
6LPK_1	6LPK	BRIL	P0ABE7	P29274	INTERNAL_INSERTION	X-RAY DIFFRACTION	1.8	A	447	296	91	0.0295	0.1415	0.9923	False	Adenosine receptor A2a,Soluble cytochrome b562,Adenosine receptor A2a
6LPJ_1	6LPJ	BRIL	P0ABE7	P29274	INTERNAL_INSERTION	X-RAY DIFFRACTION	1.8	A	447	296	91	0.0295	0.1415	0.9923	False	Adenosine receptor A2a,Soluble cytochrome b562,Adenosine receptor A2a
6KO5_1	6KO5	BRIL	P0ABE7	Q92847	TERMINAL_N	X-RAY DIFFRACTION	3.3	A	424	293	105	0.0786	0.0094	1.0	False	Chimera of Soluble cytochrome b562 and Growth hormone secretagogue receptor type 1
6JZH_1	6JZH	BRIL	P0ABE7	P29274	INTERNAL_INSERTION	X-RAY DIFFRACTION	2.25	A	447	297	90	0.0262	0.1509	0.9923	False	Adenosine receptor A2a,Soluble cytochrome b562,Adenosine receptor A2a
6IQL_1	6IQL	BRIL	P0ABE7	P51436	INTERNAL_INSERTION	X-RAY DIFFRACTION	3.5	A	396	251	89	0.1068	0.1442	0.9971	False	D(4) dopamine receptor,Soluble cytochrome b562,D(4) dopamine receptor
6GT3_1	6GT3	BRIL	P0ABE7	P29274	INTERNAL_INSERTION	X-RAY DIFFRACTION	2.0	A	433	294	90	0.0392	0.1429	0.9897	False	Adenosine receptor A2a,Soluble cytochrome b562,Adenosine receptor A2a
6G7O_1	6G7O	BRIL	P0ABE7	Q9NUN7	TERMINAL_C	X-RAY DIFFRACTION	2.7	A	350	243	105	0.0	0.0	0.9943	False	Alkaline ceramidase 3,Soluble cytochrome b562
6WH4_1	6WH4	BRIL	P0ABE7	P28223	INTERNAL_INSERTION	X-RAY DIFFRACTION	3.4	A	448	281	97	0.0475	0.0849	1.0	False	5-hydroxytryptamine receptor 2A,Soluble cytochrome b562 fusion
6WGT_1	6WGT	BRIL	P0ABE7	P28223	INTERNAL_INSERTION	X-RAY DIFFRACTION	3.4	A	448	278	99	0.0576	0.066	1.0	False	5-hydroxytryptamine receptor 2A,Soluble cytochrome b562 fusion
6S0Q_1	6S0Q	BRIL	P0ABE7	P29274	INTERNAL_INSERTION	X-RAY DIFFRACTION	2.65	A	433	294	90	0.0392	0.1429	0.9897	False	Adenosine receptor A2a,Soluble cytochrome b562,Adenosine receptor A2a
6PS7_1	6PS7	BRIL	P0ABE7	P29274	INTERNAL_INSERTION	X-RAY DIFFRACTION	1.85	A	442	297	91	0.0262	0.1415	0.9898	False	Adenosine receptor A2a,Soluble cytochrome b562,Adenosine receptor A2a
6OS0_1	6OS0	BRIL	P0ABE7	P30556	INTERNAL_INSERTION	X-RAY DIFFRACTION	2.9	A	425	306	89	0.0377	0.101	1.0	False	Type-1 angiotensin II receptor,Soluble cytochrome b562 BRIL fusion protein
7DFP_1	7DFP	BRIL	P0ABE7	P14416	INTERNAL_INSERTION	X-RAY DIFFRACTION	3.1	A	360	254	79	0.0487	0.0125	0.994	True	D(2) dopamine receptor,Soluble cytochrome b562
7C6A_3	7C6A	BRIL	P0ABE7	P50052	INTERNAL_INSERTION	X-RAY DIFFRACTION	3.4	A	422	281	92	0.0906	0.1321	1.0	False	Type-2 angiotensin II receptor,Soluble cytochrome b562,Type-2 angiotensin II receptor
7C61_3	7C61	BRIL	P0ABE7	P28222	INTERNAL_INSERTION	X-RAY DIFFRACTION	3.0	A	399	265	97	0.0925	0.0849	1.0	False	5-hydroxytryptamine receptor 1B,Soluble cytochrome b562,5-hydroxytryptamine receptor 1B
6ZDV_1	6ZDV	BRIL	P0ABE7	P29274	INTERNAL_INSERTION	X-RAY DIFFRACTION	2.13	A	433	294	85	0.0392	0.1905	0.9921	False	Adenosine receptor A2a,Soluble cytochrome b562,Adenosine receptor A2a
6ZDR_1	6ZDR	BRIL	P0ABE7	P29274	INTERNAL_INSERTION	X-RAY DIFFRACTION	1.918	A	433	294	86	0.0392	0.181	0.9922	False	Adenosine receptor A2a,Soluble cytochrome b562,Adenosine receptor A2a
6WQA_1	6WQA	BRIL	P0ABE7	P29274	INTERNAL_INSERTION	X-RAY DIFFRACTION	2.0	A	447	297	89	0.0262	0.1524	0.9872	False	Adenosine receptor A2a/Soluble cytochrome b562 chimera
7INU_1	7INU	BRIL	P0ABE7	P29274	INTERNAL_INSERTION	X-RAY DIFFRACTION	2.46	A	433	298	85	0.0261	0.1584	0.9821	False	Adenosine receptor A2a/Soluble cytochrome b562/Adenosine receptor A2a chimera
7INT_1	7INT	BRIL	P0ABE7	P29274	INTERNAL_INSERTION	X-RAY DIFFRACTION	2.25	A	433	298	85	0.0261	0.1584	0.9821	False	Adenosine receptor A2a/Soluble cytochrome b562/Adenosine receptor A2a chimera
7INO_1	7INO	BRIL	P0ABE7	P29274	INTERNAL_INSERTION	X-RAY DIFFRACTION	2.08	A	433	298	85	0.0261	0.1584	0.9821	False	Adenosine receptor A2a/Soluble cytochrome b562/Adenosine receptor A2a chimera
7INN_1	7INN	BRIL	P0ABE7	P29274	INTERNAL_INSERTION	X-RAY DIFFRACTION	2.32	A	433	298	85	0.0261	0.1584	0.9821	False	Adenosine receptor A2a/Soluble cytochrome b562/Adenosine receptor A2a chimera
7INL_1	7INL	BRIL	P0ABE7	P29274	INTERNAL_INSERTION	X-RAY DIFFRACTION	2.2	A	433	298	85	0.0261	0.1584	0.9821	False	Adenosine receptor A2a/Soluble cytochrome b562/Adenosine receptor A2a chimera
7INK_1	7INK	BRIL	P0ABE7	P29274	INTERNAL_INSERTION	X-RAY DIFFRACTION	2.19	A	433	298	85	0.0261	0.1584	0.9821	False	Adenosine receptor A2a/Soluble cytochrome b562/Adenosine receptor A2a chimera
7INJ_1	7INJ	BRIL	P0ABE7	P29274	INTERNAL_INSERTION	X-RAY DIFFRACTION	2.1	A	433	298	85	0.0261	0.1584	0.9821	False	Adenosine receptor A2a/Soluble cytochrome b562/Adenosine receptor A2a chimera
7INI_1	7INI	BRIL	P0ABE7	P29274	INTERNAL_INSERTION	X-RAY DIFFRACTION	2.57	A	433	298	85	0.0261	0.1584	0.9821	False	Adenosine receptor A2a/Soluble cytochrome b562/Adenosine receptor A2a chimera
7INH_1	7INH	BRIL	P0ABE7	P29274	INTERNAL_INSERTION	X-RAY DIFFRACTION	2.3	A	433	298	85	0.0261	0.1584	0.9821	False	Adenosine receptor A2a/Soluble cytochrome b562/Adenosine receptor A2a chimera
7INF_1	7INF	BRIL	P0ABE7	P29274	INTERNAL_INSERTION	X-RAY DIFFRACTION	2.26	A	433	298	85	0.0261	0.1584	0.9821	False	Adenosine receptor A2a/Soluble cytochrome b562/Adenosine receptor A2a chimera
7IND_1	7IND	BRIL	P0ABE7	P29274	INTERNAL_INSERTION	X-RAY DIFFRACTION	2.67	A	433	298	85	0.0261	0.1584	0.9821	False	Adenosine receptor A2a/Soluble cytochrome b562/Adenosine receptor A2a chimera,Soluble cytochrome b562,Adenosine receptor A2a
7INC_1	7INC	BRIL	P0ABE7	P29274	INTERNAL_INSERTION	X-RAY DIFFRACTION	2.18	A	433	298	85	0.0261	0.1584	0.9821	False	Adenosine receptor A2a/Soluble cytochrome b562/Adenosine receptor A2a chimera
7INA_1	7INA	BRIL	P0ABE7	P29274	INTERNAL_INSERTION	X-RAY DIFFRACTION	2.15	A	433	298	85	0.0261	0.1584	0.9821	False	Adenosine receptor A2a/Soluble cytochrome b562/Adenosine receptor A2a chimera
7IN9_1	7IN9	BRIL	P0ABE7	P29274	INTERNAL_INSERTION	X-RAY DIFFRACTION	2.54	A	433	298	85	0.0261	0.1584	0.9821	False	Adenosine receptor A2a/Soluble cytochrome b562/Adenosine receptor A2a chimera
7IOK_1	7IOK	BRIL	P0ABE7	P29274	INTERNAL_INSERTION	X-RAY DIFFRACTION	2.3	A	433	298	85	0.0261	0.1584	0.9821	False	Adenosine receptor A2a/Soluble cytochrome b562/Adenosine receptor A2a chimera
7IOJ_1	7IOJ	BRIL	P0ABE7	P29274	INTERNAL_INSERTION	X-RAY DIFFRACTION	2.26	A	433	298	85	0.0261	0.1584	0.9821	False	Adenosine receptor A2a/Soluble cytochrome b562/Adenosine receptor A2a chimera
7IOI_1	7IOI	BRIL	P0ABE7	P29274	INTERNAL_INSERTION	X-RAY DIFFRACTION	2.04	A	433	298	85	0.0261	0.1584	0.9821	False	Adenosine receptor A2a/Soluble cytochrome b562/Adenosine receptor A2a chimera
7IOH_1	7IOH	BRIL	P0ABE7	P29274	INTERNAL_INSERTION	X-RAY DIFFRACTION	2.07	A	433	298	85	0.0261	0.1584	0.9821	False	Adenosine receptor A2a/Soluble cytochrome b562/Adenosine receptor A2a chimera
7IOG_1	7IOG	BRIL	P0ABE7	P29274	INTERNAL_INSERTION	X-RAY DIFFRACTION	1.98	A	433	298	85	0.0261	0.1584	0.9821	False	Adenosine receptor A2a/Soluble cytochrome b562/Adenosine receptor A2a chimera
7IOF_1	7IOF	BRIL	P0ABE7	P29274	INTERNAL_INSERTION	X-RAY DIFFRACTION	1.9	A	433	294	85	0.0392	0.1584	0.9819	False	Adenosine receptor A2a/Soluble cytochrome b562/Adenosine receptor A2a chimera
7IOE_1	7IOE	BRIL	P0ABE7	P29274	INTERNAL_INSERTION	X-RAY DIFFRACTION	2.08	A	433	298	85	0.0261	0.1584	0.9821	False	Adenosine receptor A2a/Soluble cytochrome b562/Adenosine receptor A2a chimera
7IOD_1	7IOD	BRIL	P0ABE7	P29274	INTERNAL_INSERTION	X-RAY DIFFRACTION	2.4	A	433	298	85	0.0261	0.1584	0.9821	False	Adenosine receptor A2a/Soluble cytochrome b562/Adenosine receptor A2a chimera
7IOC_1	7IOC	BRIL	P0ABE7	P29274	INTERNAL_INSERTION	X-RAY DIFFRACTION	2.07	A	433	298	85	0.0261	0.1584	0.9821	False	Adenosine receptor A2a/Soluble cytochrome b562/Adenosine receptor A2a chimera
7IOB_1	7IOB	BRIL	P0ABE7	P29274	INTERNAL_INSERTION	X-RAY DIFFRACTION	2.11	A	433	298	85	0.0261	0.1584	0.9821	False	Adenosine receptor A2a/Soluble cytochrome b562/Adenosine receptor A2a chimera
7IOA_1	7IOA	BRIL	P0ABE7	P29274	INTERNAL_INSERTION	X-RAY DIFFRACTION	2.1	A	433	298	85	0.0261	0.1584	0.9821	False	Adenosine receptor A2a/Soluble cytochrome b562/Adenosine receptor A2a chimera
7IO9_1	7IO9	BRIL	P0ABE7	P29274	INTERNAL_INSERTION	X-RAY DIFFRACTION	1.91	A	433	298	85	0.0261	0.1584	0.9821	False	Adenosine receptor A2a/Soluble cytochrome b562/Adenosine receptor A2a chimera,Soluble cytochrome b562,Adenosine receptor A2a
7IO8_1	7IO8	BRIL	P0ABE7	P29274	INTERNAL_INSERTION	X-RAY DIFFRACTION	2.27	A	433	294	85	0.0392	0.1584	0.9819	False	Adenosine receptor A2a/Soluble cytochrome b562/Adenosine receptor A2a chimera
7IO7_1	7IO7	BRIL	P0ABE7	P29274	INTERNAL_INSERTION	X-RAY DIFFRACTION	2.23	A	433	298	85	0.0261	0.1584	0.9821	False	Adenosine receptor A2a/Soluble cytochrome b562/Adenosine receptor A2a chimera
7IO6_1	7IO6	BRIL	P0ABE7	P29274	INTERNAL_INSERTION	X-RAY DIFFRACTION	2.36	A	433	298	85	0.0261	0.1584	0.9821	False	Adenosine receptor A2a/Soluble cytochrome b562/Adenosine receptor A2a chimera
7IO5_1	7IO5	BRIL	P0ABE7	P29274	INTERNAL_INSERTION	X-RAY DIFFRACTION	1.84	A	433	298	85	0.0261	0.1584	0.9821	False	Adenosine receptor A2a/Soluble cytochrome b562/Adenosine receptor A2a chimera
7IO4_1	7IO4	BRIL	P0ABE7	P29274	INTERNAL_INSERTION	X-RAY DIFFRACTION	2.1	A	433	298	85	0.0261	0.1584	0.9821	False	Adenosine receptor A2a/Soluble cytochrome b562/Adenosine receptor A2a chimera
7IO3_1	7IO3	BRIL	P0ABE7	P29274	INTERNAL_INSERTION	X-RAY DIFFRACTION	2.22	A	433	298	85	0.0261	0.1584	0.9821	False	Adenosine receptor A2a/Soluble cytochrome b562/Adenosine receptor A2a chimera
7IO2_1	7IO2	BRIL	P0ABE7	P29274	INTERNAL_INSERTION	X-RAY DIFFRACTION	1.96	A	433	298	85	0.0261	0.1584	0.9821	False	Adenosine receptor A2a/Soluble cytochrome b562/Adenosine receptor A2a chimera
7IO1_1	7IO1	BRIL	P0ABE7	P29274	INTERNAL_INSERTION	X-RAY DIFFRACTION	2.25	A	433	298	85	0.0261	0.1584	0.9821	False	Adenosine receptor A2a/Soluble cytochrome b562/Adenosine receptor A2a chimera
7IO0_1	7IO0	BRIL	P0ABE7	P29274	INTERNAL_INSERTION	X-RAY DIFFRACTION	2.05	A	433	298	85	0.0261	0.1584	0.9821	False	Adenosine receptor A2a/Soluble cytochrome b562/Adenosine receptor A2a chimera
7INZ_1	7INZ	BRIL	P0ABE7	P29274	INTERNAL_INSERTION	X-RAY DIFFRACTION	2.41	A	433	298	85	0.0261	0.1584	0.9821	False	Adenosine receptor A2a/Soluble cytochrome b562/Adenosine receptor A2a chimera
7INY_1	7INY	BRIL	P0ABE7	P29274	INTERNAL_INSERTION	X-RAY DIFFRACTION	2.36	A	433	298	85	0.0261	0.1584	0.9821	False	Adenosine receptor A2a/Soluble cytochrome b562/Adenosine receptor A2a chimera
7INX_1	7INX	BRIL	P0ABE7	P29274	INTERNAL_INSERTION	X-RAY DIFFRACTION	2.31	A	433	298	85	0.0261	0.1584	0.9821	False	Adenosine receptor A2a/Soluble cytochrome b562/Adenosine receptor A2a chimera,Soluble cytochrome b562,Adenosine receptor A2a
7INW_1	7INW	BRIL	P0ABE7	P29274	INTERNAL_INSERTION	X-RAY DIFFRACTION	2.59	A	433	298	85	0.0261	0.1584	0.9821	False	Adenosine receptor A2a/Soluble cytochrome b562/Adenosine receptor A2a chimera
7IOR_1	7IOR	BRIL	P0ABE7	P29274	INTERNAL_INSERTION	X-RAY DIFFRACTION	1.89	A	433	298	85	0.0261	0.1584	0.9821	False	Adenosine receptor A2a/Soluble cytochrome b562/Adenosine receptor A2a chimera
7IOS_1	7IOS	BRIL	P0ABE7	P29274	INTERNAL_INSERTION	X-RAY DIFFRACTION	2.38	A	433	298	85	0.0261	0.1584	0.9821	False	Adenosine receptor A2a/Soluble cytochrome b562/Adenosine receptor A2a chimera
7IPA_1	7IPA	BRIL	P0ABE7	P29274	INTERNAL_INSERTION	X-RAY DIFFRACTION	2.32	A	433	298	85	0.0261	0.1584	0.9821	False	Adenosine receptor A2a/Soluble cytochrome b562/Adenosine receptor A2a chimera
7IP9_1	7IP9	BRIL	P0ABE7	P29274	INTERNAL_INSERTION	X-RAY DIFFRACTION	2.1	A	433	298	85	0.0261	0.1584	0.9821	False	Adenosine receptor A2a/Soluble cytochrome b562/Adenosine receptor A2a chimera
7IP8_1	7IP8	BRIL	P0ABE7	P29274	INTERNAL_INSERTION	X-RAY DIFFRACTION	2.28	A	433	298	85	0.0261	0.1584	0.9821	False	Adenosine receptor A2a/Soluble cytochrome b562/Adenosine receptor A2a chimera
7IP7_1	7IP7	BRIL	P0ABE7	P29274	INTERNAL_INSERTION	X-RAY DIFFRACTION	2.32	A	433	298	85	0.0261	0.1584	0.9821	False	Adenosine receptor A2a/Soluble cytochrome b562/Adenosine receptor A2a chimera
7IP5_1	7IP5	BRIL	P0ABE7	P29274	INTERNAL_INSERTION	X-RAY DIFFRACTION	1.95	A	433	298	85	0.0261	0.1584	0.9821	False	Adenosine receptor A2a/Soluble cytochrome b562/Adenosine receptor A2a chimera
7IP4_1	7IP4	BRIL	P0ABE7	P29274	INTERNAL_INSERTION	X-RAY DIFFRACTION	2.04	A	433	298	85	0.0261	0.1584	0.9821	False	Adenosine receptor A2a/Soluble cytochrome b562/Adenosine receptor A2a chimera
7IP3_1	7IP3	BRIL	P0ABE7	P29274	INTERNAL_INSERTION	X-RAY DIFFRACTION	2.11	A	433	298	85	0.0261	0.1584	0.9821	False	Adenosine receptor A2a/Soluble cytochrome b562/Adenosine receptor A2a chimera
7IP2_1	7IP2	BRIL	P0ABE7	P29274	INTERNAL_INSERTION	X-RAY DIFFRACTION	2.13	A	433	298	85	0.0261	0.1584	0.9821	False	Adenosine receptor A2a/Soluble cytochrome b562/Adenosine receptor A2a chimera
7IP1_1	7IP1	BRIL	P0ABE7	P29274	INTERNAL_INSERTION	X-RAY DIFFRACTION	2.29	A	433	298	85	0.0261	0.1584	0.9821	False	Adenosine receptor A2a/Soluble cytochrome b562/Adenosine receptor A2a chimera
7IP0_1	7IP0	BRIL	P0ABE7	P29274	INTERNAL_INSERTION	X-RAY DIFFRACTION	1.99	A	433	298	85	0.0261	0.1584	0.9821	False	Adenosine receptor A2a/Soluble cytochrome b562/Adenosine receptor A2a chimera
7IOZ_1	7IOZ	BRIL	P0ABE7	P29274	INTERNAL_INSERTION	X-RAY DIFFRACTION	1.88	A	433	298	85	0.0261	0.1584	0.9821	False	Adenosine receptor A2a/Soluble cytochrome b562/Adenosine receptor A2a chimera
7IOY_1	7IOY	BRIL	P0ABE7	P29274	INTERNAL_INSERTION	X-RAY DIFFRACTION	2.0	A	433	298	85	0.0261	0.1584	0.9821	False	Adenosine receptor A2a/Soluble cytochrome b562/Adenosine receptor A2a chimera
7IOX_1	7IOX	BRIL	P0ABE7	P29274	INTERNAL_INSERTION	X-RAY DIFFRACTION	2.15	A	433	298	85	0.0261	0.1584	0.9821	False	Adenosine receptor A2a/Soluble cytochrome b562/Adenosine receptor A2a chimera
7IOW_1	7IOW	BRIL	P0ABE7	P29274	INTERNAL_INSERTION	X-RAY DIFFRACTION	2.17	A	433	298	85	0.0261	0.1584	0.9821	False	Adenosine receptor A2a/Soluble cytochrome b562/Adenosine receptor A2a chimera
7IOV_1	7IOV	BRIL	P0ABE7	P29274	INTERNAL_INSERTION	X-RAY DIFFRACTION	2.3	A	433	298	85	0.0261	0.1584	0.9821	False	Adenosine receptor A2a/Soluble cytochrome b562/Adenosine receptor A2a chimera
7IOU_1	7IOU	BRIL	P0ABE7	P29274	INTERNAL_INSERTION	X-RAY DIFFRACTION	2.17	A	433	298	85	0.0261	0.1584	0.9821	False	Adenosine receptor A2a/Soluble cytochrome b562/Adenosine receptor A2a chimera
7IOT_1	7IOT	BRIL	P0ABE7	P29274	INTERNAL_INSERTION	X-RAY DIFFRACTION	2.31	A	433	298	85	0.0261	0.1584	0.9821	False	Adenosine receptor A2a/Soluble cytochrome b562/Adenosine receptor A2a chimera
7IOQ_1	7IOQ	BRIL	P0ABE7	P29274	INTERNAL_INSERTION	X-RAY DIFFRACTION	2.26	A	433	298	85	0.0261	0.1584	0.9821	False	Adenosine receptor A2a/Soluble cytochrome b562/Adenosine receptor A2a chimera
7IOP_1	7IOP	BRIL	P0ABE7	P29274	INTERNAL_INSERTION	X-RAY DIFFRACTION	1.92	A	433	298	85	0.0261	0.1584	0.9821	False	Adenosine receptor A2a/Soluble cytochrome b562/Adenosine receptor A2a chimera
7IOO_1	7IOO	BRIL	P0ABE7	P29274	INTERNAL_INSERTION	X-RAY DIFFRACTION	2.01	A	433	298	85	0.0261	0.1584	0.9821	False	Adenosine receptor A2a/Soluble cytochrome b562/Adenosine receptor A2a chimera
7ION_1	7ION	BRIL	P0ABE7	P29274	INTERNAL_INSERTION	X-RAY DIFFRACTION	2.14	A	433	298	85	0.0261	0.1584	0.9821	False	Adenosine receptor A2a/Soluble cytochrome b562/Adenosine receptor A2a chimera
7IOM_1	7IOM	BRIL	P0ABE7	P29274	INTERNAL_INSERTION	X-RAY DIFFRACTION	2.1	A	433	298	85	0.0261	0.1584	0.9821	False	Adenosine receptor A2a/Soluble cytochrome b562/Adenosine receptor A2a chimera
7IOL_1	7IOL	BRIL	P0ABE7	P29274	INTERNAL_INSERTION	X-RAY DIFFRACTION	2.81	A	433	298	85	0.0261	0.1584	0.9821	False	Adenosine receptor A2a/Soluble cytochrome b562/Adenosine receptor A2a chimera
7IPB_1	7IPB	BRIL	P0ABE7	P29274	INTERNAL_INSERTION	X-RAY DIFFRACTION	2.09	A	433	298	85	0.0261	0.1584	0.9821	False	Adenosine receptor A2a/Soluble cytochrome b562/Adenosine receptor A2a chimera
7IPC_1	7IPC	BRIL	P0ABE7	P29274	INTERNAL_INSERTION	X-RAY DIFFRACTION	1.87	A	433	298	85	0.0261	0.1584	0.9821	False	Adenosine receptor A2a/Soluble cytochrome b562/Adenosine receptor A2a chimera
7IPD_1	7IPD	BRIL	P0ABE7	P29274	INTERNAL_INSERTION	X-RAY DIFFRACTION	2.19	A	433	298	85	0.0261	0.1584	0.9821	False	Adenosine receptor A2a/Soluble cytochrome b562/Adenosine receptor A2a chimera
7IPE_1	7IPE	BRIL	P0ABE7	P29274	INTERNAL_INSERTION	X-RAY DIFFRACTION	1.84	A	433	298	85	0.0261	0.1584	0.9821	False	Adenosine receptor A2a/Soluble cytochrome b562/Adenosine receptor A2a chimera
7IPF_1	7IPF	BRIL	P0ABE7	P29274	INTERNAL_INSERTION	X-RAY DIFFRACTION	1.9	A	433	298	85	0.0261	0.1584	0.9821	False	Adenosine receptor A2a/Soluble cytochrome b562/Adenosine receptor A2a chimera
7IPG_1	7IPG	BRIL	P0ABE7	P29274	INTERNAL_INSERTION	X-RAY DIFFRACTION	2.06	A	433	298	85	0.0261	0.1584	0.9821	False	Adenosine receptor A2a/Soluble cytochrome b562/Adenosine receptor A2a chimera,Soluble cytochrome b562,Adenosine receptor A2a
7JNI_1	7JNI	BRIL	P0ABE7	P50052	TERMINAL_N	X-RAY DIFFRACTION	3.0	A	412	297	106	0.0133	0.0	0.9902	False	Soluble cytochrome b562,Type-2 angiotensin II receptor
7VOD_1	7VOD	BRIL	P0ABE7	P28223	INTERNAL_INSERTION	X-RAY DIFFRACTION	3.3	A	376	274	81	0.0453	0.0	1.0	False	5-hydroxytryptamine receptor 2A,Soluble cytochrome b562
7VOE_1	7VOE	BRIL	P0ABE7	P28223	INTERNAL_INSERTION	X-RAY DIFFRACTION	2.9	A	376	274	81	0.0453	0.0	0.9972	False	5-hydroxytryptamine receptor 2A,Soluble cytochrome b562
7T32_1	7T32	BRIL	P0ABE7	P29274	INTERNAL_INSERTION	ELECTRON MICROSCOPY	3.4	A	391	285	90	0.0	0.1509	1.0	False	Adenosine receptor A2a/Soluble cytochrome b562 Fusion Protein
7RM5_1	7RM5	BRIL	P0ABE7	P29274	INTERNAL_INSERTION	ELECTRON CRYSTALLOGRAPHY	2.79	A	447	296	91	0.0295	0.1415	0.9923	False	Adenosine receptor A2a/Soluble cytochrome b562 chimera
7PYR_1	7PYR	BRIL	P0ABE7	P29274	INTERNAL_INSERTION	X-RAY DIFFRACTION	2.6	A	447	294	92	0.0361	0.1321	0.9897	False	Adenosine receptor A2a,Soluble cytochrome b562,Adenosine receptor A2a
7PX4_1	7PX4	BRIL	P0ABE7	P29274	INTERNAL_INSERTION	X-RAY DIFFRACTION	2.25	A	447	294	92	0.0361	0.1321	0.9897	False	Adenosine receptor A2a,Soluble cytochrome b562,Adenosine receptor A2a
7WC9_1	7WC9	BRIL	P0ABE7	P28223	INTERNAL_INSERTION	X-RAY DIFFRACTION	2.5	A	376	278	80	0.0512	0.0361	1.0	False	5-hydroxytryptamine receptor 2A,5-hydroxytryptamine receptor 2A,Soluble cytochrome b562
7WC8_1	7WC8	BRIL	P0ABE7	P28223	INTERNAL_INSERTION	X-RAY DIFFRACTION	2.45	A	376	280	80	0.0444	0.0361	1.0	False	5-hydroxytryptamine receptor 2A,5-hydroxytryptamine receptor 2A,Soluble cytochrome b562
7WC7_1	7WC7	BRIL	P0ABE7	P28223	INTERNAL_INSERTION	X-RAY DIFFRACTION	2.6	A	376	278	80	0.0512	0.0361	1.0	False	5-hydroxytryptamine receptor 2A,5-hydroxytryptamine receptor 2A,Soluble cytochrome b562
7WC6_1	7WC6	BRIL	P0ABE7	P28223	INTERNAL_INSERTION	X-RAY DIFFRACTION	2.6	A	376	275	80	0.0614	0.0361	1.0	False	5-hydroxytryptamine receptor 2A,Soluble cytochrome b562
8C9W_1	8C9W	BRIL	P0ABE7	P29274	INTERNAL_INSERTION	X-RAY DIFFRACTION	2.114	A	431	296	88	0.0295	0.1698	0.9922	False	Adenosine receptor A2a,Soluble cytochrome b562
8CIC_1	8CIC	BRIL	P0ABE7	P29274	INTERNAL_INSERTION	X-RAY DIFFRACTION	2.102	A	433	294	89	0.0392	0.1604	0.9922	False	Adenosine receptor A2a,Soluble cytochrome b562
8CU6_1	8CU6	BRIL	P0ABE7	P29274	INTERNAL_INSERTION	X-RAY DIFFRACTION	2.8	A	447	297	93	0.0262	0.1143	0.9924	False	Adenosine receptor A2a,Soluble cytochrome b562
8CU7_1	8CU7	BRIL	P0ABE7	P29274	INTERNAL_INSERTION	X-RAY DIFFRACTION	2.05	A	447	297	93	0.0262	0.1143	0.9848	False	Adenosine receptor A2a,Soluble cytochrome b562
8A2P_1	8A2P	BRIL	P0ABE7	P29274	INTERNAL_INSERTION	X-RAY DIFFRACTION	3.5	A	423	294	90	0.0361	0.1509	0.9948	False	Adenosine receptor A2a,Soluble cytochrome b562
8A2O_1	8A2O	BRIL	P0ABE7	P29274	INTERNAL_INSERTION	X-RAY DIFFRACTION	3.45	A	423	294	90	0.0361	0.1509	0.9948	False	Adenosine receptor A2a,Soluble cytochrome b562
8DU3_1	8DU3	BRIL	P0ABE7	P29274	INTERNAL_INSERTION	X-RAY DIFFRACTION	2.5	A	447	295	93	0.0328	0.1226	0.9949	False	Adenosine receptor A2a, soluble cytochrome b562 chimera,Soluble cytochrome b562,Adenosine receptor A2a
8FYN_1	8FYN	BRIL	P0ABE7	P29274	INTERNAL_INSERTION	ELECTRON CRYSTALLOGRAPHY	2.0	A	447	297	90	0.0294	0.1429	0.9923	False	Adenosine receptor A2a,Soluble cytochrome b562
8GNE_1	8GNE	BRIL	P0ABE7	P29274	INTERNAL_INSERTION	X-RAY DIFFRACTION	2.3	A	431	298	90	0.023	0.1509	0.9923	False	Adenosine receptor A2a,Soluble cytochrome b562
8JJO_1	8JJO	BRIL	P0ABE7	P07550	INTERNAL_INSERTION	ELECTRON MICROSCOPY	3.4	F	453	281	94	0.0035	0.0309	1.0	False	Beta-2 adrenergic receptor,Beta-2 adrenergic receptor,Soluble cytochrome b562
8JJL_1	8JJL	BRIL	P0ABE7	P07550	INTERNAL_INSERTION	ELECTRON MICROSCOPY	3.2	A	453	281	94	0.0	0.0	1.0	False	Beta-2 adrenergic receptor,Soluble cytochrome b562
8JJ8_1	8JJ8	BRIL	P0ABE7	P07550	INTERNAL_INSERTION	ELECTRON MICROSCOPY	3.2	F	453	280	95	0.0	0.0	1.0	False	Beta-2 adrenergic receptor,Soluble cytochrome b562
8T1W_1	8T1W	BRIL	P0ABE7	P46095	INTERNAL_INSERTION	X-RAY DIFFRACTION	3.49	A	455	266	90	0.1192	0.1509	0.9972	False	G-protein coupled receptor 6, Soluble cytochrome b562 chimera
8T1V_1	8T1V	BRIL	P0ABE7	P46095	INTERNAL_INSERTION	X-RAY DIFFRACTION	2.6	A	455	266	86	0.1192	0.1887	0.9972	False	G-protein coupled receptor 6, Soluble cytochrome b562 chimera
8S4D_1	8S4D	BRIL	P0ABE7	P35414	INTERNAL_INSERTION	X-RAY DIFFRACTION	2.584	A	497	280	96	0.1054	0.04	0.9869	False	Apelin receptor,Soluble cytochrome b562
8RQQ_1	8RQQ	BRIL	P0ABE7	P29274	INTERNAL_INSERTION	X-RAY DIFFRACTION	2.37	A	447	296	90	0.0295	0.1429	0.9897	False	Adenosine receptor A2a,Soluble cytochrome b562
8RLN_1	8RLN	BRIL	P0ABE7	P29274	INTERNAL_INSERTION	X-RAY DIFFRACTION	2.43	A	431	297	88	0.0294	0.1619	0.9923	False	Adenosine receptor A2a,Soluble cytochrome b562
8PWN_1	8PWN	BRIL	P0ABE7	P29274	INTERNAL_INSERTION	X-RAY DIFFRACTION	2.4	A	433	297	85	0.0326	0.1584	0.982	False	Adenosine receptor A2a,Soluble cytochrome b562
8JT8_1	8JT8	BRIL	P0ABE7	P28223	INTERNAL_INSERTION	X-RAY DIFFRACTION	2.7	A	376	274	81	0.0453	0.0	1.0	False	5-hydroxytryptamine receptor 2A,Soluble cytochrome b562
8TH4_1	8TH4	BRIL	P0ABE7	P30556	INTERNAL_INSERTION	ELECTRON MICROSCOPY	3.3	A	433	279	92	0.1	0.1154	0.9712	False	Type-1 angiotensin II receptor Soluble cytochrome b562 complex
8TH3_1	8TH3	BRIL	P0ABE7	P30556	INTERNAL_INSERTION	ELECTRON MICROSCOPY	3.0	A	582	291	91	0.0613	0.125	0.972	False	AT118-H nanobody, Type-1 angiotensin II receptor, Soluble cytochrome b562 complex
8TF5_1	8TF5	BRIL	P0ABE7	P46095	INTERNAL_INSERTION	X-RAY DIFFRACTION	2.1	A	436	265	98	0.1225	0.0755	0.9973	False	G-protein coupled receptor 6,Soluble cytochrome b562 chimera,Soluble cytochrome b562,G-protein coupled receptor 6
8ZMG_1	8ZMG	BRIL	P0ABE7	P28223	INTERNAL_INSERTION	X-RAY DIFFRACTION	3.4	A	414	279	81	0.0279	0.0	0.9863	False	5-hydroxytryptamine receptor 2A,Soluble cytochrome b562
9IYA_1	9IYA	BRIL	P0ABE7	Q9Y2T6	TERMINAL_C	ELECTRON MICROSCOPY	3.04	A	412	274	89	0.0552	0.1524	0.9732	False	G-protein coupled receptor 55,Soluble cytochrome b562
9IBW_1	9IBW	BRIL	P0ABE7	P03999	INTERNAL_INSERTION	ELECTRON MICROSCOPY	3.22	A	488	306	92	0.1105	0.1238	0.9876	False	Short-wave-sensitive opsin 1,Soluble cytochrome b562
9CUG_1	9CUG	BRIL	P0ABE7	Q15306	TERMINAL_N	X-RAY DIFFRACTION	2.49	A	286	177	98	0.0112	0.0755	1.0	False	Soluble cytochrome b562,Interferon regulatory factor 4
9QP4_1	9QP4	BRIL	P0ABE7	P03999	INTERNAL_INSERTION	ELECTRON MICROSCOPY	3.06	A	488	299	92	0.1308	0.1238	0.9874	False	Short-wave-sensitive opsin 1,Soluble cytochrome b562
9W33_1	9W33	BRIL	P0ABE7	P35346	INTERNAL_INSERTION	ELECTRON MICROSCOPY	2.69	A	389	278	98	0.0	0.0	0.9666	False	Somatostatin receptor type 5,Soluble cytochrome b562
9W32_1	9W32	BRIL	P0ABE7	P35346	INTERNAL_INSERTION	ELECTRON MICROSCOPY	2.59	A	389	278	98	0.0	0.0	0.9666	False	Somatostatin receptor type 5,Soluble cytochrome b562
29AJ_1	29AJ	T4L	P00720	Q5VT66	INTERNAL_INSERTION	X-RAY DIFFRACTION	1.63	D	455	282	161	0.0035	0.0	0.9977	False	Mitochondrial amidoxime-reducing component 1,Endolysin
2RH1_1	2RH1	T4L	P00720	P07550	INTERNAL_INSERTION	X-RAY DIFFRACTION	2.4	A	500	281	161	0.1536	0.0	1.0	False	beta-2-adrenergic receptor/T4-lysozyme chimera
3D4S_1	3D4S	T4L	P00720	P07550	INTERNAL_INSERTION	X-RAY DIFFRACTION	2.8	A	490	278	161	0.1175	0.0	1.0	False	Beta-2 adrenergic receptor/T4-lysozyme chimera
3EML_1	3EML	T4L	P00720	P29274	INTERNAL_INSERTION	X-RAY DIFFRACTION	2.6	A	488	288	160	0.0464	0.0	1.0	False	Human Adenosine A2A receptor/T4 lysozyme chimera
3PBL_1	3PBL	T4L	P00720	P35462	INTERNAL_INSERTION	X-RAY DIFFRACTION	2.89	A	481	272	160	0.0993	0.0	1.0	False	D(3) dopamine receptor, Lysozyme chimera
3SN6_4	3SN6	T4L	P00720	P07550	TERMINAL_N	X-RAY DIFFRACTION	3.2	R	514	284	159	0.1573	0.0063	1.0	False	Endolysin,Beta-2 adrenergic receptor
3V2Y_1	3V2Y	T4L	P00720	P21453	INTERNAL_INSERTION	X-RAY DIFFRACTION	2.8	A	520	291	160	0.0673	0.0	0.9912	False	Sphingosine 1-phosphate receptor 1, Lysozyme chimera (E.C.3.2.1.17)
3V2W_1	3V2W	T4L	P00720	P21453	INTERNAL_INSERTION	X-RAY DIFFRACTION	3.35	A	520	282	160	0.0962	0.0	1.0	False	Sphingosine 1-phosphate receptor 1, Lysozyme chimera
3UON_1	3UON	T4L	P00720	P08172	INTERNAL_INSERTION	X-RAY DIFFRACTION	3.0	A	467	278	160	0.0945	0.0	1.0	False	Human M2 muscarinic acetylcholine, receptor T4 lysozyme fusion protein
3RZE_1	3RZE	T4L	P00720	P35367	INTERNAL_INSERTION	X-RAY DIFFRACTION	3.1	A	452	269	159	0.0594	0.0	1.0	False	Histamine H1 receptor, Lysozyme chimera
3QAK_1	3QAK	T4L	P00720	P29274	INTERNAL_INSERTION	X-RAY DIFFRACTION	2.71	A	488	284	160	0.0596	0.0	1.0	False	Adenosine receptor A2a,lysozyme chimera
3PDS_1	3PDS	T4L	P00720	P07550	INTERNAL_INSERTION	X-RAY DIFFRACTION	3.5	A	458	281	161	0.0344	0.0	1.0	False	Fusion protein Beta-2 adrenergic receptor/Lysozyme
3NYA_1	3NYA	T4L	P00720	P07550	INTERNAL_INSERTION	X-RAY DIFFRACTION	3.16	A	490	278	161	0.1175	0.0	1.0	False	Beta-2 adrenergic receptor, Lysozyme
3NY9_1	3NY9	T4L	P00720	P07550	INTERNAL_INSERTION	X-RAY DIFFRACTION	2.84	A	490	278	161	0.1175	0.0	1.0	False	Beta-2 adrenergic receptor, Lysozyme
3NY8_1	3NY8	T4L	P00720	P07550	INTERNAL_INSERTION	X-RAY DIFFRACTION	2.84	A	490	278	161	0.1175	0.0	1.0	False	Beta-2 adrenergic receptor, Lysozyme
4GRV_1	4GRV	T4L	P00720	P20789	INTERNAL_INSERTION	X-RAY DIFFRACTION	2.802	A	510	293	157	0.0929	0.0187	0.9912	False	Neurotensin receptor type 1, lysozyme chimera
4EXM_1	4EXM	T4L	P00720	Q57159	TERMINAL_C	X-RAY DIFFRACTION	2.6	A	347	154	137	0.0778	0.1543	1.0	False	Pesticin, Lysozyme Chimera
4EPI_1	4EPI	T4L	P00720	Q57159	COMPLEX	X-RAY DIFFRACTION	1.74	A	330	168	160	0.0059	0.0	0.997	False	Pesticin, Lysozyme Chimera
4EJ4_1	4EJ4	T4L	P00720	P32300	INTERNAL_INSERTION	X-RAY DIFFRACTION	3.4	A	461	282	160	0.0631	0.0	1.0	False	Delta-type opioid receptor, Lysozyme chimera
4DKL_1	4DKL	T4L	P00720	P42866	INTERNAL_INSERTION	X-RAY DIFFRACTION	2.8	A	464	282	160	0.0693	0.0	1.0	False	Mu-type opioid receptor, lysozyme chimera
4DAJ_1	4DAJ	T4L	P00720	P08483	INTERNAL_INSERTION	X-RAY DIFFRACTION	3.4	A	479	268	161	0.1383	0.0	1.0	False	Muscarinic acetylcholine receptor M3, Lysozyme
4ARJ_1	4ARJ	T4L	P00720	Q57159	TERMINAL_C	X-RAY DIFFRACTION	2.593	A	339	151	163	0.0958	0.0	0.9874	False	PESTICIN, LYSOZYME
3VW7_1	3VW7	T4L	P00720	P25116	INTERNAL_INSERTION	X-RAY DIFFRACTION	2.2	A	484	282	160	0.0874	0.0	1.0	False	Proteinase-activated receptor 1, Lysozyme
4LDE_1	4LDE	T4L	P00720	P07550	TERMINAL_N	X-RAY DIFFRACTION	2.79	A	469	283	160	0.0308	0.0	0.9758	False	Lysozyme, Beta-2 adrenergic receptor
4LDO_1	4LDO	T4L	P00720	P07550	TERMINAL_N	X-RAY DIFFRACTION	3.2	A	469	283	160	0.0308	0.0	0.9758	False	Lysozyme, Beta-2 adrenergic receptor
4N9N_1	4N9N	T4L	P00720	Q12151	INTERNAL_INSERTION	X-RAY DIFFRACTION	2.9	A	438	264	160	0.0222	0.0	0.9907	False	Sterol uptake control protein 2, Lysozyme
4OO9_1	4OO9	T4L	P00720	P41594	INTERNAL_INSERTION	X-RAY DIFFRACTION	2.6	A	444	247	161	0.0749	0.0	0.9976	False	Metabotropic glutamate receptor 5, Lysozyme, Metabotropic glutamate receptor 5 chimera
4TN3_1	4TN3	T4L	P00720	G9MAP5	TERMINAL_C	X-RAY DIFFRACTION	3.1989	A	400	196	163	0.0968	0.0	1.0	False	TRIM5/cyclophilin A fusion protein/T4 Lysozyme chimera
4QKX_1	4QKX	T4L	P00720	P07550	TERMINAL_N	X-RAY DIFFRACTION	3.3	A	469	283	160	0.0308	0.0	0.9758	False	Beta-2 adrenergic receptor
4PHU_1	4PHU	T4L	P00720	O14842	INTERNAL_INSERTION	X-RAY DIFFRACTION	2.332	A	491	270	160	0.094	0.0	0.9908	False	Free fatty acid receptor 1,Lysozyme
4LDL_1	4LDL	T4L	P00720	P07550	TERMINAL_N	X-RAY DIFFRACTION	3.1	A	469	283	160	0.0308	0.0	0.9758	False	Lysozyme, Beta-2 adrenergic receptor
4K5Y_1	4K5Y	T4L	P00720	P34998	INTERNAL_INSERTION	X-RAY DIFFRACTION	2.977	A	441	247	160	0.0749	0.0	1.0	False	Corticotropin-releasing factor receptor 1, T4-Lysozyme chimeric construct
5GLI_1	5GLI	T4L	P00720	P24530	INTERNAL_INSERTION	X-RAY DIFFRACTION	2.5	A	464	315	101	0.0708	0.0	0.9697	False	Endothelin Receptor Subtype-B
5GLH_1	5GLH	T4L	P00720	P24530	INTERNAL_INSERTION	X-RAY DIFFRACTION	2.8	A	498	292	160	0.131	0.0	1.0	False	Endothelin Receptor Subtype-B
5EUT_1	5EUT	T4L	P00720	Q9BTU6	INTERNAL_INSERTION	X-RAY DIFFRACTION	2.802	A	556	319	163	0.1736	0.0	0.9938	False	Phosphatidylinositol 4-kinase type 2-alpha,Endolysin,Phosphatidylinositol 4-kinase type 2-alpha
5EE7_1	5EE7	T4L	P00720	P47871	INTERNAL_INSERTION	X-RAY DIFFRACTION	2.5	A	452	257	156	0.0755	0.0189	0.9928	False	Glucagon receptor,Endolysin,Glucagon receptor
5DSG_1	5DSG	T4L	P00720	P08173	INTERNAL_INSERTION	X-RAY DIFFRACTION	2.6	A	422	290	100	0.0461	0.0099	0.9949	False	Muscarinic acetylcholine receptor M4,Endolysin,Endolysin,Muscarinic acetylcholine receptor M4
5D6L_1	5D6L	T4L	P00720	P07550	INTERNAL_INSERTION	X-RAY DIFFRACTION	3.2	A	500	274	161	0.1569	0.0	0.9842	False	Beta-2 adrenergic receptor,Endolysin,Beta-2 adrenergic receptor
5D5A_1	5D5A	T4L	P00720	P07550	INTERNAL_INSERTION	X-RAY DIFFRACTION	2.4826	A	500	281	161	0.1536	0.0	1.0	False	Beta-2 adrenergic receptor,Endolysin,Beta-2 adrenergic receptor
5CXV_1	5CXV	T4L	P00720	P11229	INTERNAL_INSERTION	X-RAY DIFFRACTION	2.7	A	515	285	159	0.1204	0.0	1.0	False	Muscarinic acetylcholine receptor M1,Endolysin,Muscarinic acetylcholine receptor M1
5CGD_1	5CGD	T4L	P00720	P41594	INTERNAL_INSERTION	X-RAY DIFFRACTION	2.603	A	444	246	161	0.0787	0.0	0.9975	False	Metabotropic glutamate receptor 5,Endolysin,Metabotropic glutamate receptor 5
5CGC_1	5CGC	T4L	P00720	P41594	INTERNAL_INSERTION	X-RAY DIFFRACTION	3.101	A	444	247	161	0.0749	0.0	0.9976	False	Metabotropic glutamate receptor 5,Endolysin,Metabotropic glutamate receptor 5
5B2G_1	5B2G	T4L	P00720	O14493	TERMINAL_N	X-RAY DIFFRACTION	3.5	A	364	171	160	0.0656	0.0062	0.997	False	Endolysin,Claudin-4
4XES_1	4XES	T4L	P00720	P20789	TERMINAL_C	X-RAY DIFFRACTION	2.6	A	541	307	160	0.1328	0.0	0.9915	False	Neurotensin receptor type 1, Endolysin chimera
4XEE_1	4XEE	T4L	P00720	P20789	TERMINAL_C	X-RAY DIFFRACTION	2.9	A	541	300	160	0.1525	0.0	0.9914	False	Neurotensin receptor type 1, Endolysin chimera
4WTV_1	4WTV	T4L	P00720	Q8TCG2	INTERNAL_INSERTION	X-RAY DIFFRACTION	1.9	A	514	284	163	0.1909	0.0	1.0	False	Phosphatidylinositol 4-kinase type 2-beta,Endolysin,Phosphatidylinositol 4-kinase type 2-beta
5KW2_1	5KW2	T4L	P00720	O14842	INTERNAL_INSERTION	X-RAY DIFFRACTION	2.76	A	491	247	160	0.1711	0.0	0.9903	False	Free fatty acid receptor 1,Lysozyme,Free fatty acid receptor 1
5VEW_1	5VEW	T4L	P00720	P43220	INTERNAL_INSERTION	X-RAY DIFFRACTION	2.7	A	455	263	160	0.0993	0.0	1.0	False	Glucagon-like peptide 1 receptor,Endolysin chimera
5VEX_1	5VEX	T4L	P00720	P43220	INTERNAL_INSERTION	X-RAY DIFFRACTION	3.0	A	455	263	160	0.0993	0.0	1.0	False	Glucagon-like peptide 1 receptor, Endolysin chimera
5XEZ_1	5XEZ	T4L	P00720	P47871	INTERNAL_INSERTION	X-RAY DIFFRACTION	3.0	A	574	389	156	0.0347	0.025	1.0	False	Glucagon receptor,Endolysin,Glucagon receptor
5X93_1	5X93	T4L	P00720	P24530	INTERNAL_INSERTION	X-RAY DIFFRACTION	2.2	A	464	313	101	0.0657	0.0	0.9628	False	Endothelin B receptor,Endolysin,Endothelin B receptor
5X7D_1	5X7D	T4L	P00720	P07550	INTERNAL_INSERTION	X-RAY DIFFRACTION	2.703	A	500	279	161	0.1596	0.0	1.0	False	Chimera protein of Beta-2 adrenergic receptor and Lysozyme
5WF6_1	5WF6	T4L	P00720	P29274	INTERNAL_INSERTION	X-RAY DIFFRACTION	2.9	A	504	281	160	0.0695	0.0	1.0	False	Human A2a adenosine receptor T4L chimera
5WF5_1	5WF5	T4L	P00720	P29274	INTERNAL_INSERTION	X-RAY DIFFRACTION	2.6	A	504	284	160	0.0596	0.0	1.0	False	Human A2a adenosine receptor T4L chimera
5TZY_1	5TZY	T4L	P00720	O14842	INTERNAL_INSERTION	X-RAY DIFFRACTION	3.22	A	491	274	141	0.0805	0.1187	0.9928	False	Free fatty acid receptor 1,Endolysin,Free fatty acid receptor 1
5TZR_1	5TZR	T4L	P00720	O14842	INTERNAL_INSERTION	X-RAY DIFFRACTION	2.2	A	491	273	160	0.0839	0.0	0.9908	False	Free fatty acid receptor 1,Endolysin,Free fatty acid receptor 1
5T1A_1	5T1A	T4L	P00720	P41597	INTERNAL_INSERTION	X-RAY DIFFRACTION	2.806	A	508	282	161	0.1104	0.0	0.9955	False	Chimera protein of CC chemokine receptor type 2 isoform B and T4-lysozyme,Lysozyme
5T04_1	5T04	T4L	P00720	P20789	INTERNAL_INSERTION	X-RAY DIFFRACTION	3.3	A	513	294	160	0.0982	0.0	0.9913	False	Neurotensin receptor type 1,Endolysin,Neurotensin receptor type 1
5XF1_1	5XF1	T4L	P00720	P47871	INTERNAL_INSERTION	X-RAY DIFFRACTION	3.19	A	574	389	155	0.0347	0.0312	1.0	False	Glucagon receptor,Endolysin,Glucagon receptor
5YQZ_1	5YQZ	T4L	P00720	P47871	INTERNAL_INSERTION	X-RAY DIFFRACTION	3.0	R	575	398	160	0.0149	0.0	1.0	False	Glucagon receptor,Endolysin,Glucagon receptor
6D27_1	6D27	T4L	P00720	Q9Y5Y4	INTERNAL_INSERTION	X-RAY DIFFRACTION	2.738	A	470	319	101	0.059	0.0	0.9481	False	Prostaglandin D2 receptor 2, Endolysin chimera
6J20_1	6J20	T4L	P00720	P25103	INTERNAL_INSERTION	X-RAY DIFFRACTION	2.7	A	441	289	101	0.1135	0.0	0.9799	False	Substance-P receptor,Endolysin
6IIH_1	6IIH	T4L	P00720	Q8IYU8	TERMINAL_N	X-RAY DIFFRACTION	1.958	A	493	283	161	0.1211	0.0	0.9955	False	Endolysin,Calcium uptake protein 2, mitochondrial
6FW2_1	6FW2	T4L	P00720	Q5VT66	INTERNAL_INSERTION	X-RAY DIFFRACTION	1.78	A	459	282	159	0.0	0.0	0.9932	False	Mitochondrial amidoxime-reducing component 1,Endolysin,Mitochondrial amidoxime-reducing component 1
6FFI_1	6FFI	T4L	P00720	P41594	INTERNAL_INSERTION	X-RAY DIFFRACTION	2.2	A	444	248	161	0.0712	0.0	0.9976	False	Metabotropic glutamate receptor 5,Endolysin,Metabotropic glutamate receptor 5
6FFH_1	6FFH	T4L	P00720	P41594	INTERNAL_INSERTION	X-RAY DIFFRACTION	2.65	A	444	252	161	0.0562	0.0	0.9976	False	Metabotropic glutamate receptor 5,Endolysin
6D9M_1	6D9M	T4L	P00720	Q39UD1	TERMINAL_N	X-RAY DIFFRACTION	1.35	A	337	163	161	0.0181	0.0	0.9939	False	Fusion protein of Endolysin,Response receiver sensor diguanylate cyclase, GAF domain-containing
6D26_1	6D26	T4L	P00720	Q9Y5Y4	INTERNAL_INSERTION	X-RAY DIFFRACTION	2.798	A	470	323	101	0.0472	0.0	0.9485	False	Prostaglandin D2 receptor 2, Endolysin chimera
5ZHP_1	5ZHP	T4L	P00720	P08483	INTERNAL_INSERTION	X-RAY DIFFRACTION	3.1	A	418	289	100	0.0493	0.0	0.9873	False	Muscarinic acetylcholine receptor M3,Endolysin,Endolysin,Muscarinic acetylcholine receptor M3
5XSZ_1	5XSZ	T4L	P00720	Q08BG4	INTERNAL_INSERTION	X-RAY DIFFRACTION	3.2	A	477	279	160	0.0912	0.0	0.9799	False	Lysophosphatidic acid receptor 6a,Endolysin,Lysophosphatidic acid receptor 6a
6KJV_1	6KJV	T4L	P00720	P43220	INTERNAL_INSERTION	X-RAY DIFFRACTION	2.8	A	455	263	160	0.0962	0.0	1.0	False	Glucagon-like peptide 1 receptor,Endolysin,Glucagon-like peptide 1 receptor
6KK1_1	6KK1	T4L	P00720	P43220	INTERNAL_INSERTION	X-RAY DIFFRACTION	2.8	A	455	263	160	0.0962	0.0	1.0	False	Glucagon-like peptide 1 receptor,Endolysin,Glucagon-like peptide 1 receptor
6KK7_1	6KK7	T4L	P00720	P43220	INTERNAL_INSERTION	X-RAY DIFFRACTION	3.1	A	455	263	160	0.0962	0.0	1.0	False	Glucagon-like peptide 1 receptor,Endolysin,Glucagon-like peptide 1 receptor
7F8Y_1	7F8Y	T4L	P00720	P32238	INTERNAL_INSERTION	X-RAY DIFFRACTION	2.5	A	534	278	160	0.1003	0.0	1.0	False	fusion protein of Cholecystokinin receptor type A and Endolysin
7F8X_1	7F8X	T4L	P00720	P32238	INTERNAL_INSERTION	X-RAY DIFFRACTION	3.0	A	534	283	160	0.1773	0.0	1.0	False	Cholecystokinin receptor type A,Endolysin
7F8U_1	7F8U	T4L	P00720	P32238	INTERNAL_INSERTION	X-RAY DIFFRACTION	2.8	A	534	278	160	0.0	0.0	1.0	False	Fusion protein of Cholecystokinin receptor type A and Endolysin
6ZX9_3	6ZX9	T4L	P00720	A4UDG5	TERMINAL_N	X-RAY DIFFRACTION	2.5197288426	C	258	91	163	0.0109	0.0	0.9883	False	Vpr protein fused to T4 lysozyme
6ZG9_1	6ZG9	T4L	P00720	P11229	INTERNAL_INSERTION	X-RAY DIFFRACTION	2.5	A	455	277	160	0.0	0.0	0.9798	False	Muscarinic acetylcholine receptor M1,Endolysin,Muscarinic acetylcholine receptor M1
6ZG4_1	6ZG4	T4L	P00720	P11229	INTERNAL_INSERTION	X-RAY DIFFRACTION	2.33	A	455	277	160	0.0	0.0	0.9798	False	Muscarinic acetylcholine receptor M1,Endolysin,Muscarinic acetylcholine receptor M1
6ZFZ_1	6ZFZ	T4L	P00720	P11229	INTERNAL_INSERTION	X-RAY DIFFRACTION	2.17	A	455	277	160	0.0	0.0	0.9798	False	Muscarinic acetylcholine receptor M1,Endolysin,Muscarinic acetylcholine receptor M1
6XYR_1	6XYR	T4L	P00720	P0DP23	TERMINAL_N	X-RAY DIFFRACTION	2.079	A	361	145	163	0.0203	0.0	0.8851	False	T4Lnano,Endolysin,Calmodulin,Endolysin,Calmodulin-1
6MXT_1	6MXT	T4L	P00720	P07550	TERMINAL_N	X-RAY DIFFRACTION	2.95934213525	A	472	286	160	0.0744	0.0	0.9933	False	Endolysin, Beta-2 adrenergic receptor chimera
6M9T_1	6M9T	T4L	P00720	P43115	INTERNAL_INSERTION	X-RAY DIFFRACTION	2.5	A	537	273	160	0.1947	0.0	0.9752	False	Prostaglandin E2 receptor EP3 subtype, Endolysin chimera
6KPC_1	6KPC	T4L	P00720	P34972	INTERNAL_INSERTION	X-RAY DIFFRACTION	3.2	A	500	283	160	0.0341	0.0	0.9955	False	Cannabinoid receptor 2,Endolysin
6K1Q_1	6K1Q	T4L	P00720	P24530	INTERNAL_INSERTION	X-RAY DIFFRACTION	2.7	A	464	300	99	0.1045	0.0198	0.9732	False	Endothelin B receptor,Endolysin,Endothelin B receptor
6J21_1	6J21	T4L	P00720	P25103	INTERNAL_INSERTION	X-RAY DIFFRACTION	3.2	A	441	289	101	0.1135	0.0	0.9799	False	Substance-P receptor,Endolysin
9HHM_1	9HHM	T4L	P00720	Q8TCG2	INTERNAL_INSERTION	X-RAY DIFFRACTION	2.25	A	517	283	163	0.1937	0.0	1.0	False	Phosphatidylinositol 4-kinase type 2-beta,Endolysin
9HC3_1	9HC3	T4L	P00720	P41594	INTERNAL_INSERTION	X-RAY DIFFRACTION	2.9	A	444	252	161	0.0562	0.0	0.9952	False	Metabotropic glutamate receptor 5,Endolysin
9HC0_1	9HC0	T4L	P00720	P41594	INTERNAL_INSERTION	X-RAY DIFFRACTION	2.33	A	444	252	161	0.0562	0.0	0.9976	False	Metabotropic glutamate receptor 5,Endolysin
8A5X_1	8A5X	T4L	P00720	Q8TCG2	INTERNAL_INSERTION	X-RAY DIFFRACTION	2.4	A	514	303	163	0.1368	0.0	1.0	False	Phosphatidylinositol 4-kinase type 2-beta,Endolysin
7Z36_1	7Z36	T4L	P00720	Q13263	TERMINAL_N	X-RAY DIFFRACTION	2.8	A	482	265	160	0.1047	0.0	0.9815	False	Endolysin,Transcription intermediary factor 1-beta,Isoform 2 of Transcription intermediary factor 1-beta
7XKA_1	7XKA	T4L	P00720	P07550	TERMINAL_N	X-RAY DIFFRACTION	3.1	A	469	283	160	0.0308	0.0	0.9758	False	Endolysin,Beta-2 adrenergic receptor
7XK9_1	7XK9	T4L	P00720	P07550	TERMINAL_N	X-RAY DIFFRACTION	3.4	A	469	283	160	0.0308	0.0	0.9758	False	Endolysin,Beta-2 adrenergic receptor
7P2L_1	7P2L	T4L	P00720	P41594	INTERNAL_INSERTION	X-RAY DIFFRACTION	2.54	A	464	252	161	0.0562	0.0	0.9976	False	Metabotropic glutamate receptor 5,Endolysin,Metabotropic glutamate receptor 5
9RKI_1	9RKI	T4L	P00720	P07550	INTERNAL_INSERTION	X-RAY DIFFRACTION	2.6	A	442	281	161	0.0	0.0	1.0	False	Beta-2 adrenergic receptor,Endolysin
9RKH_1	9RKH	T4L	P00720	P07550	INTERNAL_INSERTION	X-RAY DIFFRACTION	2.5	A	442	281	161	0.0	0.0	1.0	False	Beta-2 adrenergic receptor,Endolysin
9RKG_1	9RKG	T4L	P00720	P07550	INTERNAL_INSERTION	X-RAY DIFFRACTION	2.45	A	443	281	161	0.0	0.0	0.9977	False	Beta-2 adrenergic receptor,Endolysin
9RKF_1	9RKF	T4L	P00720	P07550	INTERNAL_INSERTION	X-RAY DIFFRACTION	2.45	A	443	282	161	0.0	0.0	1.0	False	Beta-2 adrenergic receptor,Endolysin
1HSJ_1	1HSJ	MBP	P0AEX9	Q9F0R1	TERMINAL_N	X-RAY DIFFRACTION	2.3	A	487	115	361	0.0	0.0	0.9774	False	FUSION PROTEIN CONSISTING OF STAPHYLOCOCCUS ACCESSORY REGULATOR PROTEIN R AND MALTOSE BINDING PROTEIN
1R6Z_1	1R6Z	MBP	P0AEX9	Q9VUQ5	TERMINAL_N	X-RAY DIFFRACTION	2.8	A	509	126	365	0.0735	0.0027	0.9879	False	Chimera of Maltose-binding periplasmic protein and Argonaute 2
3H4Z_1	3H4Z	MBP	P0AEX9	P49273	COMPLEX	X-RAY DIFFRACTION	2.35	A	568	205	363	0.0	0.0	1.0	False	Maltose-binding periplasmic protein fused with Allergen DERP7
3F5F_1	3F5F	MBP	P0AEX9	Q76KB1	TERMINAL_N	X-RAY DIFFRACTION	2.65	A	658	286	361	0.0069	0.0	0.9863	False	Maltose-binding periplasmic protein, Heparan sulfate 2-O-sulfotransferase 1
3EHT_1	3EHT	MBP	P0AEX9	P34998	TERMINAL_N	X-RAY DIFFRACTION	3.4	A	476	80	366	0.1667	0.0027	0.9867	False	FUSION PROTEIN OF CRFR1 EXTRACELLULAR DOMAIN AND MBP
3EHS_1	3EHS	MBP	P0AEX9	P34998	TERMINAL_N	X-RAY DIFFRACTION	2.76	A	476	85	366	0.1146	0.0027	0.9869	False	fusion protein of CRFR1 extracellular domain and MBP
3EF7_1	3EF7	MBP	P0AEX9	P10761	TERMINAL_N	X-RAY DIFFRACTION	3.1	A	481	92	367	0.1238	0.0	0.9829	False	Maltose-binding periplasmic protein, LINKER, Zona pellucida protein 3
3DM0_1	3DM0	MBP	P0AEX9	O24456	TERMINAL_N	X-RAY DIFFRACTION	2.4	A	694	307	366	0.0583	0.0	0.997	False	Maltose-binding periplasmic protein fused with RACK1
3D4G_1	3D4G	MBP	P0AEX9	P10761	TERMINAL_N	X-RAY DIFFRACTION	2.3	A	481	105	366	0.0	0.0027	1.0	False	Maltose-binding periplasmic protein, LINKER, Zona pellucida protein 3
3D4C_1	3D4C	MBP	P0AEX9	P10761	TERMINAL_N	X-RAY DIFFRACTION	2.9	A	481	105	364	0.0	0.0082	0.9979	False	Maltose-binding periplasmic protein, LINKER, Zona pellucida protein 3
3A3C_1	3A3C	MBP	P0AEX9	P36046	TERMINAL_N	X-RAY DIFFRACTION	2.5	A	451	87	364	0.0	0.0	1.0	False	Maltose-binding periplasmic protein, LINKER, Mitochondrial intermembrane space import and assembly protein 40
2ZXT_1	2ZXT	MBP	P0AEX9	P36046	TERMINAL_N	X-RAY DIFFRACTION	3.0	A	465	87	364	0.1212	0.0055	1.0	False	Maltose-binding periplasmic protein, LINKER, Mitochondrial intermembrane space import and assembly protein 40
2VGQ_1	2VGQ	MBP	P0AEX9	Q7Z434	TERMINAL_N	X-RAY DIFFRACTION	2.1	A	477	91	361	0.0	0.0028	0.9805	False	Sugar ABC transporter substrate-binding protein,Mitochondrial antiviral-signaling protein
3OB4_1	3OB4	MBP	P0AEX9	A5Z1Q8	TERMINAL_N	X-RAY DIFFRACTION	2.706	A	500	104	366	0.2	0.0	0.9916	False	Maltose ABC transporter periplasmic protein,Arah 2
3O3U_1	3O3U	MBP	P0AEX9	Q15109	TERMINAL_N	X-RAY DIFFRACTION	1.497	N	581	209	357	0.0	0.0	0.9759	False	Maltose-binding periplasmic protein, Advanced glycosylation end product-specific receptor
3N96_1	3N96	MBP	P0AEX9	Q13324	TERMINAL_N	X-RAY DIFFRACTION	2.75	A	482	101	366	0.0561	0.0054	0.9873	False	Maltose binding protein-CRFR2 alpha
3N95_1	3N95	MBP	P0AEX9	Q13324	TERMINAL_N	X-RAY DIFFRACTION	2.72	A	482	98	366	0.0841	0.0054	0.9872	False	Maltose binding protein-CRFR2 alpha extracellular domain
3N93_1	3N93	MBP	P0AEX9	Q13324	TERMINAL_N	X-RAY DIFFRACTION	2.5	A	482	99	366	0.0748	0.0054	0.9873	False	Maltose binding protein-CRFR2 alpha
3MP8_1	3MP8	MBP	P0AEX9	P25554	TERMINAL_N	X-RAY DIFFRACTION	1.92	A	522	146	366	0.0581	0.0	0.9981	False	Maltose-binding periplasmic protein,LINKER,SAGA-associated factor 29
3MP6_1	3MP6	MBP	P0AEX9	P25554	TERMINAL_N	X-RAY DIFFRACTION	1.48	A	522	141	366	0.0903	0.0	0.998	False	Maltose-binding periplasmic protein,LINKER,SAGA-associated factor 29
3MP1_1	3MP1	MBP	P0AEX9	P25554	TERMINAL_N	X-RAY DIFFRACTION	2.6	A	522	142	366	0.0839	0.0	0.998	False	Maltose-binding periplasmic protein,LINKER,SAGA-associated factor 29
3PY7_1	3PY7	MBP	P0AEX9	P06931	TERMINAL_N	X-RAY DIFFRACTION	2.288	A	523	120	365	0.1241	0.0027	0.97	False	maltose-binding periplasmic protein,paxillin LD1,protein E6 chimera
4IRL_1	4IRL	MBP	P0AEX9	B0V1H4	TERMINAL_N	X-RAY DIFFRACTION	1.47	A	476	87	358	0.0645	0.0	0.9632	False	Maltose-binding periplasmic protein, Novel protein similar to vertebrate guanylate binding protein family
4IKM_1	4IKM	MBP	P0AEX9	Q9Y2G2	TERMINAL_N	X-RAY DIFFRACTION	2.4606	A	469	87	366	0.0	0.0	0.9784	False	Maltose-binding periplasmic protein, Caspase recruitment domain-containing protein 8
4IFP_1	4IFP	MBP	P0AEX9	Q9C000	TERMINAL_N	X-RAY DIFFRACTION	1.9948	A	466	84	366	0.0	0.0	0.9825	False	Maltose-binding periplasmic protein,NACHT, LRR and PYD domains-containing protein 1
4H1G_1	4H1G	MBP	P0AEX9	C4YKK8	COMPLEX	X-RAY DIFFRACTION	2.15	A	715	300	360	0.1279	0.0	0.9851	False	Maltose binding protein-CaKar3 motor domain fusion protein
4EXK_1	4EXK	MBP	P0AEX9	A0A0F6B1U8	TERMINAL_N	X-RAY DIFFRACTION	1.28	A	487	104	367	0.0	0.0	0.9916	False	Maltose-binding periplasmic protein, uncharacterized protein chimera
4EGC_1	4EGC	MBP	P0AEX9	Q15475	TERMINAL_N	X-RAY DIFFRACTION	1.994	A	559	169	366	0.1058	0.0	0.9926	False	Maltose-binding periplasmic protein, Homeobox protein SIX1 chimera
4EDQ_1	4EDQ	MBP	P0AEX9	O70468	TERMINAL_N	X-RAY DIFFRACTION	1.641	A	492	114	357	0.0579	0.0028	0.9752	False	Maltose-binding periplasmic protein,Myosin-binding protein C, cardiac-type chimeric protein
4DXC_1	4DXC	MBP	P0AEX9	P62593	TERMINAL_N	X-RAY DIFFRACTION	2.3	A	637	242	349	0.0082	0.0251	0.9471	False	Maltose-binding periplasmic protein, Beta-lactamase TEM chimera
4DXB_1	4DXB	MBP	P0AEX9	P62593	TERMINAL_N	X-RAY DIFFRACTION	2.29	A	637	244	358	0.0	0.0	0.9451	False	Maltose-binding periplasmic protein, Beta-lactamase TEM chimera
4BLD_1	4BLD	MBP	P0AEX9	Q9UMX1	TERMINAL_N	X-RAY DIFFRACTION	2.802	A	753	357	367	0.0325	0.0	0.9864	False	MALTOSE-BINDING PERIPLASMIC PROTEIN, SUPPRESSOR OF FUSED HOMOLOG
4BLB_1	4BLB	MBP	P0AEX9	Q9UMX1	TERMINAL_N	X-RAY DIFFRACTION	2.8	A	753	357	367	0.0325	0.0	0.9864	False	MALTOSE-BINDING PERIPLASMIC PROTEIN, SUPPRESSOR OF FUSED HOMOLOG
4BLA_1	4BLA	MBP	P0AEX9	Q9UMX1	TERMINAL_N	X-RAY DIFFRACTION	3.5	A	756	362	364	0.0216	0.0082	0.9945	False	MALTOSE-BINDING PERIPLASMIC PROTEIN, SUPPRESSOR OF FUSED HOMOLOG
4BL9_1	4BL9	MBP	P0AEX9	Q9UMX1	TERMINAL_N	X-RAY DIFFRACTION	2.8	A	756	353	366	0.0459	0.0027	0.9958	False	MALTOSE-BINDING PERIPLASMIC PROTEIN, SUPPRESSOR OF FUSED HOMOLOG
4B3N_1	4B3N	MBP	P0AEX9	Q0PF16	TERMINAL_N	X-RAY DIFFRACTION	3.3	A	602	192	365	0.1233	0.0108	1.0	False	MALTOSE-BINDING PERIPLASMIC PROTEIN, TRIPARTITE MOTIF-CONTAINING PROTEIN 5
3WAI_1	3WAI	MBP	P0AEX9	O29867	TERMINAL_N	X-RAY DIFFRACTION	1.897	A	739	352	357	0.0461	0.0246	0.9972	False	Maltose-binding periplasmic protein, Transmembrane oligosaccharyl transferase
4QVH_1	4QVH	MBP	P0AEX9	O33336	TERMINAL_N	X-RAY DIFFRACTION	1.75	A	598	227	365	0.0	0.0027	0.9933	False	Maltose-binding periplasmic protein, 4'-phosphopantetheinyl transferase chimera
4QSZ_1	4QSZ	MBP	P0AEX9	P0C872	TERMINAL_N	X-RAY DIFFRACTION	2.86	A	687	314	361	0.0032	0.0	0.984	False	Maltose-binding periplasmic protein, JmjC domain-containing protein 7 chimera
4PQK_1	4PQK	MBP	P0AEX9	B1B3N6	TERMINAL_N	X-RAY DIFFRACTION	3.401	A	487	112	366	0.0667	0.0	1.0	False	Maltose ABC transporter periplasmic protein, Truncated replication protein RepA
4NUF_1	4NUF	MBP	P0AEX9	Q62227	TERMINAL_N	X-RAY DIFFRACTION	2.8	A	580	179	366	0.1311	0.0054	0.9927	False	Maltose ABC transporter periplasmic protein, Nuclear receptor subfamily 0 group B member 2 chimeric construct
4LOG_1	4LOG	MBP	P0AEX9	Q9Y5X4	TERMINAL_N	X-RAY DIFFRACTION	2.7	A	574	183	364	0.0567	0.0082	0.9892	False	Maltose ABC transporter periplasmic protein and NR2E3 protein chimeric construct
4WMS_1	4WMS	MBP	P0AEX9	Q07820	TERMINAL_N	X-RAY DIFFRACTION	1.9	A	518	144	363	0.027	0.0082	0.9922	False	MBP-MCL1 chimera protein
4WMX_1	4WMX	MBP	P0AEX9	Q07820	TERMINAL_N	X-RAY DIFFRACTION	2.0	A	518	148	364	0.0	0.0055	0.9922	False	MBP-MCL1 chimera protein
4WMW_1	4WMW	MBP	P0AEX9	Q07820	TERMINAL_N	X-RAY DIFFRACTION	1.9	A	518	148	362	0.0	0.0109	0.9922	False	MBP-MCL1 chimera protein
4WMV_1	4WMV	MBP	P0AEX9	Q07820	TERMINAL_N	X-RAY DIFFRACTION	2.4	A	518	148	362	0.0	0.0109	0.9922	False	MBL-MCL1 chimera protein
4WMU_1	4WMU	MBP	P0AEX9	Q07820	TERMINAL_N	X-RAY DIFFRACTION	1.55	A	518	147	365	0.0068	0.0027	0.9922	False	MBP-MCL1 chimera protein,Induced myeloid leukemia cell differentiation protein Mcl-1
4WMT_1	4WMT	MBP	P0AEX9	Q07820	TERMINAL_N	X-RAY DIFFRACTION	2.35	A	518	147	363	0.0068	0.0082	0.9942	False	MBP-MCL1 chimera protein
5IIC_1	5IIC	MBP	P0AEX9	Q8WR62	TERMINAL_N	X-RAY DIFFRACTION	2.9	A	496	101	367	0.114	0.0	0.9915	False	Maltose-binding periplasmic protein,Vitelline envelope sperm lysin receptor
5II5_1	5II5	MBP	P0AEX9	Q8WR62	COMPLEX	X-RAY DIFFRACTION	1.8	A	496	109	364	0.0522	0.0055	0.9937	False	Maltose-binding periplasmic protein,Vitelline envelope sperm lysin receptor
5I04_1	5I04	MBP	P0AEX9	P17813	TERMINAL_N	X-RAY DIFFRACTION	2.42	A	692	296	367	0.0513	0.0	0.9925	False	Maltose-binding periplasmic protein,Endoglin
5HZV_1	5HZV	MBP	P0AEX9	P17813	TERMINAL_N	X-RAY DIFFRACTION	2.7	A	626	228	367	0.0656	0.0	0.995	False	Maltose-binding periplasmic protein,Endoglin
5H7N_1	5H7N	MBP	P0AEX9	P59046	TERMINAL_N	X-RAY DIFFRACTION	1.849	A	478	85	370	0.1327	0.0	0.9956	False	NLRP12-PYD with MBP tag
5FSG_1	5FSG	MBP	P0AEX9	P05133	TERMINAL_N	X-RAY DIFFRACTION	3.209	A	698	287	358	0.0946	0.0	0.9758	False	MALTOSE-BINDING PERIPLASMIC PROTEIN, HANTAVIRUS NUCLEOPROTEIN
5EDU_1	5EDU	MBP	P0AEX9	Q9UBN7	TERMINAL_N	X-RAY DIFFRACTION	2.79	A	745	357	359	0.0	0.0191	0.9944	False	Maltose-binding periplasmic protein, Histone deacetylase 6 chimera
5W0U_1	5W0U	MBP	P0AEX9	Q9GZX7	TERMINAL_N	X-RAY DIFFRACTION	2.9	A	549	164	365	0.0296	0.0027	0.976	False	Maltose-binding periplasmic protein,Single-stranded DNA cytosine deaminase
5W1C_1	5W1C	MBP	P0AEX9	Q9GZX7	TERMINAL_N	X-RAY DIFFRACTION	3.18	A	549	172	366	0.0282	0.0	0.9908	False	MBP fused activation-induced cytidine deaminase
5W0R_1	5W0R	MBP	P0AEX9	Q9GZX7	TERMINAL_N	X-RAY DIFFRACTION	2.4	A	549	169	366	0.0	0.0	0.9763	False	MBP fused activation-induced cytidine deaminase
5VAW_1	5VAW	MBP	P0AEX9	A0A0D5YCX7	TERMINAL_N	X-RAY DIFFRACTION	1.69	A	508	130	354	0.0152	0.0328	1.0	False	Maltose-binding periplasmic protein,Type IV pilin PilA
5TTD_1	5TTD	MBP	P0AEX9	D2KPJ6	TERMINAL_N	X-RAY DIFFRACTION	2.0	A	499	122	359	0.0	0.0028	0.9796	False	Maltose-binding periplasmic protein,Pilin isopeptide linkage domain protein
5OSQ_1	5OSQ	MBP	P0AEX9	P10761	TERMINAL_N	X-RAY DIFFRACTION	2.05	A	481	102	366	0.0	0.0027	0.9915	False	Maltose-binding periplasmic protein,Zona pellucida sperm-binding protein 3
6D67_1	6D67	MBP	P0AEX9	P28562	TERMINAL_N	X-RAY DIFFRACTION	2.55	A	520	143	365	0.0	0.0	0.9883	False	Maltose-binding periplasmic protein,Dual specificity protein phosphatase 1
6D66_1	6D66	MBP	P0AEX9	P28562	TERMINAL_N	X-RAY DIFFRACTION	2.226	A	520	143	364	0.0	0.0027	0.9807	False	Maltose-binding periplasmic protein,Dual specificity protein phosphatase 1
6D65_1	6D65	MBP	P0AEX9	P28562	TERMINAL_N	X-RAY DIFFRACTION	2.348	A	520	141	365	0.014	0.0	0.9902	False	Maltose-binding periplasmic protein,Dual specificity protein phosphatase 1
6APX_1	6APX	MBP	P0AEX9	P28562	TERMINAL_N	X-RAY DIFFRACTION	2.491	A	520	143	363	0.0	0.0082	0.9922	False	Maltose-binding periplasmic protein,Dual specificity protein phosphatase 1
5YGS_1	5YGS	MBP	P0AEX9	Q93038	TERMINAL_N	X-RAY DIFFRACTION	2.691	A	463	88	366	0.0	0.0	0.9956	False	Human TNRSF25 death domain
5YGP_1	5YGP	MBP	P0AEX9	Q93038	TERMINAL_N	X-RAY DIFFRACTION	2.09	A	463	88	364	0.0	0.0055	0.9978	False	TNFRSF25 death domain
5YEV_1	5YEV	MBP	P0AEX9	Q93038	COMPLEX	X-RAY DIFFRACTION	2.5	A	464	85	368	0.023	0.0	1.0	False	TNFRSF25 death domain
5Y2G_1	5Y2G	MBP	P0AEX9	P09879	TERMINAL_N	X-RAY DIFFRACTION	3.0	A	595	210	364	0.0	0.0055	0.988	False	Maltose-binding periplasmic protein,Protein B
6KI0_1	6KI0	MBP	P0AEX9	Q9ULZ3	TERMINAL_N	X-RAY DIFFRACTION	2.0	A	466	84	358	0.0	0.0	0.963	False	Maltose/maltodextrin-binding periplasmic protein,Apoptosis-associated speck-like protein containing a CARD
6K7F_1	6K7F	MBP	P0AEX9	P53220	TERMINAL_N	X-RAY DIFFRACTION	1.8	A	499	113	368	0.0	0.0	0.9639	False	Maltose/maltodextrin-binding periplasmic protein,Mitochondrial import inner membrane translocase subunit TIM21
6K7E_1	6K7E	MBP	P0AEX9	P53220	TERMINAL_N	X-RAY DIFFRACTION	1.534	A	507	113	367	0.0	0.0027	0.9639	False	Maltose/maltodextrin-binding periplasmic protein,Mitochondrial import inner membrane translocase subunit TIM21
6K7D_1	6K7D	MBP	P0AEX9	P53220	TERMINAL_N	X-RAY DIFFRACTION	2.0	A	506	113	368	0.0	0.0	0.9639	False	Maltose/maltodextrin-binding periplasmic protein,Mitochondrial import inner membrane translocase subunit TIM21
6EG3_1	6EG3	MBP	P0AEX9	P51531	TERMINAL_N	X-RAY DIFFRACTION	2.84	A	621	251	359	0.0	0.0191	0.9935	False	Maltose/maltodextrin-binding periplasmic protein,Probable global transcription activator SNF2L2
6EG2_1	6EG2	MBP	P0AEX9	P51531	TERMINAL_N	X-RAY DIFFRACTION	2.98	A	621	251	364	0.0	0.0055	0.9935	False	Maltose/maltodextrin-binding periplasmic protein,Probable global transcription activator SNF2L2
6DM8_1	6DM8	MBP	P0AEX9	P97287	TERMINAL_N	X-RAY DIFFRACTION	2.7	A	518	144	366	0.0336	0.0	0.9942	False	Induced myeloid leukemia cell differentiation protein Mcl-1 homolog - MBP chimera
6DD5_1	6DD5	MBP	P0AEX9	F2K1V9	TERMINAL_N	X-RAY DIFFRACTION	2.85	A	678	279	358	0.0822	0.0	0.977	False	MMB-1 Cas6 Fused to Maltose Binding Protein,CRISPR-associated endonuclease Cas1
6VLS_1	6VLS	MBP	P0AEX9	W8GI72	TERMINAL_N	X-RAY DIFFRACTION	3.2	A	966	578	366	0.0203	0.0	0.9906	False	Maltose/maltodextrin-binding periplasmic protein,Vip3Aa
6QZ7_1	6QZ7	MBP	P0AEX9	Q07820	TERMINAL_N	X-RAY DIFFRACTION	2.2	A	518	149	362	0.0	0.0109	0.9961	False	Maltose/maltodextrin-binding periplasmic protein,Induced myeloid leukemia cell differentiation protein Mcl-1
6QYO_1	6QYO	MBP	P0AEX9	Q07820	TERMINAL_N	X-RAY DIFFRACTION	2.1	A	518	147	363	0.0134	0.0082	0.9942	False	Maltose/maltodextrin-binding periplasmic protein,Induced myeloid leukemia cell differentiation protein Mcl-1
6QYN_1	6QYN	MBP	P0AEX9	Q07820	TERMINAL_N	X-RAY DIFFRACTION	2.5	A	518	149	363	0.0	0.0082	0.9942	False	Maltose/maltodextrin-binding periplasmic protein,Induced myeloid leukemia cell differentiation protein Mcl-1
6QYL_1	6QYL	MBP	P0AEX9	Q07820	TERMINAL_N	X-RAY DIFFRACTION	2.2	A	518	149	362	0.0	0.0109	0.9961	False	Maltose/maltodextrin-binding periplasmic protein,Induced myeloid leukemia cell differentiation protein Mcl-1
6QYK_1	6QYK	MBP	P0AEX9	Q07820	TERMINAL_N	X-RAY DIFFRACTION	2.3	A	518	148	363	0.0067	0.0082	0.9942	False	Maltose/maltodextrin-binding periplasmic protein,Induced myeloid leukemia cell differentiation protein Mcl-1
6QXJ_1	6QXJ	MBP	P0AEX9	Q07820	TERMINAL_N	X-RAY DIFFRACTION	1.7	A	518	148	362	0.0067	0.0109	0.9942	False	Maltose-binding periplasmic protein,Induced myeloid leukemia cell differentiation protein Mcl-1
6QGD_1	6QGD	MBP	P0AEX9	Q07820	TERMINAL_N	X-RAY DIFFRACTION	1.8	A	518	147	362	0.0134	0.0109	0.9941	False	Maltose-binding periplasmic protein,Induced myeloid leukemia cell differentiation protein Mcl-1
7CY8_1	7CY8	MBP	P0AEX9	A0A2K3D5Z7	TERMINAL_N	X-RAY DIFFRACTION	2.4	A	917	499	352	0.062	0.0383	0.9918	False	Maltodextrin-binding protein,5-methylcytosine-modifying enzyme 1
7CY7_1	7CY7	MBP	P0AEX9	A0A2K3D5Z7	TERMINAL_N	X-RAY DIFFRACTION	2.15	A	917	500	365	0.0602	0.0027	0.992	False	Maltodextrin-binding protein,5-methylcytosine-modifying enzyme 1
7CY6_1	7CY6	MBP	P0AEX9	A0A2K3D5Z7	TERMINAL_N	X-RAY DIFFRACTION	2.1	A	917	500	365	0.0602	0.0027	0.992	False	Maltodextrin-binding protein,5-methylcytosine-modifying enzyme 1
7CY5_1	7CY5	MBP	P0AEX9	A0A2K3D5Z7	TERMINAL_N	X-RAY DIFFRACTION	2.2	A	917	492	363	0.0752	0.0082	0.9919	False	Maltodextrin-binding protein,5-methylcytosine-modifying enzyme 1
7CY4_1	7CY4	MBP	P0AEX9	A0A2K3D5Z7	TERMINAL_N	X-RAY DIFFRACTION	2.2	A	917	494	357	0.0714	0.0246	0.9918	False	Maltodextrin-binding protein,5-methylcytosine-modifying enzyme 1
7B01_1	7B01	MBP	P0AEX9	Q76LX8	TERMINAL_N	X-RAY DIFFRACTION	2.8	A	608	222	366	0.0826	0.0	1.0	False	Maltodextrin-binding protein,Maltodextrin-binding protein,Maltodextrin-binding protein,ADAMTS13 CUB12,A disintegrin and metalloproteinase with thrombospondin motifs 13,A disintegrin and metalloproteinase with thrombospondin motifs 13,A disintegrin and metalloproteinase with thrombospondin motifs 13
6YBL_1	6YBL	MBP	P0AEX9	Q07820	TERMINAL_N	X-RAY DIFFRACTION	2.1	A	518	149	362	0.0	0.0109	0.9961	False	Maltose/maltodextrin-binding periplasmic protein,Induced myeloid leukemia cell differentiation protein Mcl-1
6YBK_1	6YBK	MBP	P0AEX9	Q07820	TERMINAL_N	X-RAY DIFFRACTION	2.0	A	518	149	364	0.0	0.0055	0.9961	False	Maltose/maltodextrin-binding periplasmic protein,Induced myeloid leukemia cell differentiation protein Mcl-1
6YBJ_1	6YBJ	MBP	P0AEX9	Q07820	TERMINAL_N	X-RAY DIFFRACTION	2.5	A	518	149	363	0.0	0.0082	0.9961	False	Maltose/maltodextrin-binding periplasmic protein,Induced myeloid leukemia cell differentiation protein Mcl-1
6XRX_1	6XRX	MBP	P0AEX9	Q8T5C5	TERMINAL_N	X-RAY DIFFRACTION	1.95	A	554	181	367	0.0163	0.0	0.9946	False	Maltose/maltodextrin-binding periplasmic protein, Mosquito protein AZ1
6XDS_1	6XDS	MBP	P0AEX9	Q9NZC2	TERMINAL_N	X-RAY DIFFRACTION	1.466	A	492	115	363	0.0336	0.0082	0.9856	False	Sugar ABC transporter substrate-binding protein,Triggering receptor expressed on myeloid cells 2
7MHW_1	7MHW	MBP	P0AEX9	Q2YLR6	TERMINAL_N	X-RAY DIFFRACTION	2.55	A	481	98	363	0.0297	0.0082	0.9788	False	Maltose/maltodextrin-binding periplasmic protein,Outer membrane lipoprotein omp19
7T31_1	7T31	MBP	P0AEX9	Q185H8	TERMINAL_N	X-RAY DIFFRACTION	2.3	A	512	120	367	0.0977	0.0	0.9939	False	Maltose/maltodextrin-binding periplasmic protein,Putative pilin protein chimera
8DEI_1	8DEI	MBP	P0AEX9	Q12495	TERMINAL_N	X-RAY DIFFRACTION	2.81	A	490	87	364	0.0333	0.0055	0.9495	False	Maltodextrin-binding protein,Chromatin assembly factor 1 subunit p90 fusion
8EL0_1	8EL0	MBP	P0AEX9	Q07820	TERMINAL_N	X-RAY DIFFRACTION	1.917	A	532	148	366	0.0067	0.0	0.9961	False	Maltose/maltodextrin-binding periplasmic protein,Induced myeloid leukemia cell differentiation protein Mcl-1
8EL1_1	8EL1	MBP	P0AEX9	Q07820	TERMINAL_N	X-RAY DIFFRACTION	2.406	A	532	148	362	0.0067	0.0109	0.9961	False	Maltose/maltodextrin-binding periplasmic protein,Induced myeloid leukemia cell differentiation protein Mcl-1
8EKX_1	8EKX	MBP	P0AEX9	Q07820	TERMINAL_N	X-RAY DIFFRACTION	1.55	A	532	148	366	0.0067	0.0	0.9961	False	Maltose/maltodextrin-binding periplasmic protein,Induced myeloid leukemia cell differentiation protein Mcl-1
8DX4_1	8DX4	MBP	P0AEX9	A0A0H3N4W9	TERMINAL_N	X-RAY DIFFRACTION	2.487	A	512	130	366	0.0441	0.0	0.998	False	Maltodextrin-binding protein,Putative pilin protein
8C5L_1	8C5L	MBP	P0AEX9	P10588	COMPLEX	X-RAY DIFFRACTION	2.6	A	568	187	363	0.0556	0.0	0.9892	False	Maltose/maltodextrin-binding periplasmic protein,Nuclear receptor subfamily 2 group F member 6
7WR3_1	7WR3	MBP	P0AEX9	A0A0H2US87	TERMINAL_N	X-RAY DIFFRACTION	1.87	A	806	424	358	0.0208	0.0	0.9849	False	MBP-fused OspC3
8SVY_1	8SVY	MBP	P0AEX9	Q07820	TERMINAL_N	X-RAY DIFFRACTION	1.47	A	518	149	365	0.0	0.0027	0.9942	False	Maltose/maltodextrin-binding periplasmic protein, Induced myeloid leukemia cell differentiation protein Mcl-1 chimera
8SBU_1	8SBU	MBP	P0AEX9	Q59028	TERMINAL_N	X-RAY DIFFRACTION	2.2	A	618	218	367	0.0954	0.0027	1.0	False	Maltose/maltodextrin-binding periplasmic protein,6-hydroxymethyl-7,8-dihydropterin pyrophosphokinase
8QSO_1	8QSO	MBP	P0AEX9	Q07820	TERMINAL_N	X-RAY DIFFRACTION	2.106	A	518	149	366	0.0	0.0	0.9942	False	Maltose/maltodextrin-binding periplasmic protein,Induced myeloid leukemia cell differentiation protein Mcl-1
8IIZ_1	8IIZ	MBP	P0AEX9	O95619	TERMINAL_N	X-RAY DIFFRACTION	2.1	A	514	136	366	0.0355	0.0	0.9921	False	Maltodextrin-binding protein,YEATS domain-containing protein 4
8IIY_1	8IIY	MBP	P0AEX9	O95619	TERMINAL_N	X-RAY DIFFRACTION	2.15	A	514	138	364	0.0213	0.0055	0.9921	False	Maltodextrin-binding protein,YEATS domain-containing protein 4
8H68_1	8H68	MBP	P0AEX9	Q8MNT9	TERMINAL_N	X-RAY DIFFRACTION	2.2	A	634	254	366	0.0231	0.0	0.9936	False	Maltose/maltodextrin-binding periplasmic protein,DNA N6-methyl adenine demethylase
8T6F_1	8T6F	MBP	P0AEX9	Q07820	TERMINAL_N	X-RAY DIFFRACTION	1.56	A	518	148	366	0.0	0.0	0.9923	False	Maltose/maltodextrin-binding periplasmic protein/Induced myeloid leukemia cell differentiation protein Mcl-1 Chimera
9BCG_1	9BCG	MBP	P0AEX9	Q07820	TERMINAL_N	X-RAY DIFFRACTION	1.898	A	516	148	366	0.0	0.0	0.9961	False	Maltose/maltodextrin-binding periplasmic protein,Induced myeloid leukemia cell differentiation protein Mcl-1
